patch_ind,atom_ind,res_ind,atom_name,residue_name,chain_id,dist,iface_label,start_res
0,1150,409,O,GLN,A,1.400170776158355,0.0,335
1,1774,452,NH1,ARG,A,1.966489379167438,0.0,335
2,1841,455,CD2,LEU,A,2.209669000530101,0.0,335
3,2147,473,OH,TYR,A,2.0033602780868804,0.0,335
4,2321,486,O,PHE,A,1.801283974664249,0.0,335
5,2167,474,NE2,GLN,A,2.199815407887177,0.0,335
6,2321,486,O,PHE,A,1.8234449271046185,0.0,335
7,2314,486,CG,PHE,A,1.7682100829121548,0.0,335
8,2189,476,CA,GLY,A,1.7792309733613139,0.0,335
9,2075,468,CG2,ILE,A,1.7792148108896737,0.0,335
10,2525,499,CB,PRO,A,1.779551781768309,0.0,335
11,1307,421,OH,TYR,A,1.5266710414730098,0.0,335
12,2257,481,ND2,ASN,A,1.9484429728162895,0.0,335
13,2380,490,CD1,PHE,A,2.086214326263249,0.0,335
14,1878,457,CG,ARG,A,2.115461038741498,0.0,335
15,2564,502,N,GLY,A,2.203103667991896,0.0,335
16,2434,493,OE1,GLN,A,1.3773742165235665,0.0,335
17,2245,480,SG,CYS,A,2.0389745256582943,0.0,335
18,2276,483,CG1,VAL,A,2.427177306301246,0.0,335
19,1248,417,NZ,LYS,A,2.087575162223592,0.0,335
20,1860,456,CE1,PHE,A,1.719150237364835,0.0,335
21,2214,478,O,LYS,A,2.413310977109813,0.0,335
22,1307,421,OH,TYR,A,1.730676651487768,0.0,335
23,2269,482,O,GLY,A,1.8317500114944962,0.0,335
24,2088,469,CB,SER,A,2.045805665403015,0.0,335
25,1335,423,N,TYR,A,1.7829437956367873,0.0,335
26,2448,494,CB,SER,A,2.1078174825649407,0.0,335
27,1736,450,OD1,ASN,A,1.4001006958962021,0.0,335
28,1713,449,CB,TYR,A,2.07657211216161,0.0,335
29,2213,478,C,LYS,A,1.0516023273788846,0.0,335
30,1722,449,O,TYR,A,1.7130795149334521,0.0,335
31,1356,424,N,LYS,A,0.738142457409087,0.0,335
32,1718,449,OH,TYR,A,2.2953295002282283,0.0,335
33,1722,449,O,TYR,A,1.6496002199198032,0.0,335
34,2076,468,CG1,ILE,A,1.7114131132201444,0.0,335
35,2196,477,CA,SER,A,0.8333009361268316,0.0,335
36,2318,486,CD2,PHE,A,1.8338171632430196,0.0,335
37,1715,449,CD1,TYR,A,2.049008636668662,0.0,335
38,1127,408,C,ARG,A,0.7939274558889183,0.0,335
39,1858,456,CG,PHE,A,1.8382972182040214,1.0,335
40,2360,489,CE1,TYR,A,1.8385460229681323,0.0,335
41,1103,407,CA,VAL,A,0.7347520775859617,0.0,335
42,2362,489,OH,TYR,A,1.5072973035690231,0.0,335
43,2601,505,OH,TYR,A,1.5097454386833535,0.0,335
44,1843,455,O,LEU,A,1.3997719780705258,0.0,335
45,2277,483,CG2,VAL,A,2.199494812415107,0.0,335
46,1820,454,NH2,ARG,A,1.7198613344276028,0.0,335
47,2188,476,N,GLY,A,1.8763504968491873,0.0,335
48,2317,486,CZ,PHE,A,1.766444850589947,0.0,335
49,1722,449,O,TYR,A,1.648682941343959,0.0,335
50,2557,501,O,ASN,A,1.744136175516475,0.0,335
51,2295,484,OE2,GLU,A,1.616842274478559,0.0,335
52,2362,489,OH,TYR,A,1.390078478050931,0.0,335
53,2565,502,CA,GLY,A,1.7785319862921418,0.0,335
54,2297,484,O,GLU,A,1.8591815762296027,0.0,335
55,1339,423,CD1,TYR,A,1.7176134329560506,0.0,335
56,2311,486,N,PHE,A,1.7943384387000323,0.0,335
57,2376,490,N,PHE,A,1.9242472737738963,0.0,335
58,2590,504,O,GLY,A,1.494699179180838,0.0,335
59,1882,457,NH1,ARG,A,1.520776847142069,0.0,335
60,2554,501,OD1,ASN,A,1.6216315657238043,0.0,335
61,2101,470,CG2,THR,A,2.2885767199912914,0.0,335
62,1264,418,N,ILE,A,2.0446124998048814,0.0,335
63,1902,458,CG,LYS,A,2.0045827968051904,0.0,335
64,1037,402,O,ILE,A,1.7993180706764351,0.0,335
65,2129,472,CG2,ILE,A,2.0731802614254407,0.0,335
66,1885,457,O,ARG,A,1.3813859299029998,0.0,335
67,1820,454,NH2,ARG,A,1.9317247403329816,0.0,335
68,1093,406,OE2,GLU,A,1.337068180741562,0.0,335
69,2345,488,N,CYS,A,1.557209334215746,1.0,335
70,2147,473,OH,TYR,A,1.6787435092162029,0.0,335
71,2089,469,OG,SER,A,1.8050882154352086,0.0,335
72,1700,448,CG,ASN,A,1.8188884102406508,0.0,335
73,2571,503,N,VAL,A,1.386380335238966,0.0,335
74,227,350,CG2,VAL,A,2.0567891993566745,0.0,335
75,2275,483,CB,VAL,A,2.112864639197214,0.0,335
76,2245,480,SG,CYS,A,2.1982676973957074,0.0,335
77,2167,474,NE2,GLN,A,2.0161955861353724,0.0,335
78,1923,459,CB,SER,A,1.7947018901997422,0.0,335
79,2256,481,OD1,ASN,A,1.6816840724168562,0.0,335
80,2072,468,N,ILE,A,2.2780344064503835,0.0,335
81,2116,471,OE1,GLU,A,1.4687211488305305,0.0,335
82,2565,502,CA,GLY,A,2.095465254808483,0.0,335
83,2554,501,OD1,ASN,A,1.3488839224434264,0.0,335
84,1924,459,OG,SER,A,1.6144123661176741,0.0,335
85,1932,460,N,ASN,A,1.0269937373262823,0.0,335
86,1356,424,N,LYS,A,1.2940986576529834,0.0,335
87,2254,481,CB,ASN,A,1.7964406792593308,0.0,335
88,2086,469,N,SER,A,2.1175142754340963,0.0,335
89,2131,472,CD,ILE,A,2.533604398533024,0.0,335
90,2088,469,CB,SER,A,2.060607684503407,0.0,335
91,1882,457,NH1,ARG,A,1.9927577549888815,0.0,335
92,1932,460,N,ASN,A,1.6818941283840836,0.0,335
93,2348,488,SG,CYS,A,1.7681851235218358,0.0,335
94,1095,406,O,GLU,A,1.6596639207926907,0.0,335
95,2113,471,CB,GLU,A,2.1047842235590077,0.0,335
96,2117,471,OE2,GLU,A,1.3289285126141168,0.0,335
97,2297,484,O,GLU,A,1.3270638293535764,0.0,335
98,1082,405,O,ASP,A,1.6498811165983271,0.0,335
99,229,350,O,VAL,A,1.662305373693132,0.0,335
100,1739,450,O,ASN,A,1.8620343456896968,0.0,335
101,1082,405,O,ASP,A,1.0647107681010985,0.0,335
102,2603,505,CE2,TYR,A,1.6945516400540743,0.0,335
103,1052,403,NH2,ARG,A,1.9218805403062358,0.0,335
104,2513,498,O,GLN,A,1.8729156863646246,0.0,335
105,2074,468,CB,ILE,A,1.8793405944946078,0.0,335
106,1291,420,CG,ASP,A,1.702023440978037,0.0,335
107,2364,489,CE2,TYR,A,1.7399319360081738,0.0,335
108,2147,473,OH,TYR,A,1.3932707443779206,0.0,335
109,1905,458,NZ,LYS,A,1.8699371346417744,0.0,335
110,1052,403,NH2,ARG,A,1.959979235622327,0.0,335
111,2590,504,O,GLY,A,1.8678704983791732,0.0,335
112,2335,487,OD1,ASN,A,1.6828431787385194,1.0,335
113,1328,422,O,ASN,A,1.6618484354810652,0.0,335
114,2312,486,CA,PHE,A,2.0377156092508546,0.0,335
115,2130,472,CG1,ILE,A,1.8042472567266192,0.0,335
116,1340,423,CE1,TYR,A,1.8289817576909322,0.0,335
117,1753,451,OH,TYR,A,1.4647004880033327,0.0,335
118,1282,419,O,ALA,A,1.6749777558487442,0.0,335
119,2556,501,C,ASN,A,1.7265624695697055,0.0,335
120,2128,472,CB,ILE,A,1.9710969497445237,0.0,335
121,1770,452,CG,ARG,A,2.1127944118430784,0.0,335
122,1629,442,O,ASP,A,1.28623290135252,0.0,335
123,1003,400,C,PHE,A,1.191931219599355,0.0,335
124,2601,505,OH,TYR,A,1.8306537690178388,0.0,335
125,1923,459,CB,SER,A,2.1006777654406092,0.0,335
126,2243,480,CA,CYS,A,2.0791619047330627,0.0,335
127,1244,417,CB,LYS,A,2.179536058450113,0.0,335
128,2247,480,O,CYS,A,1.3303256048903729,0.0,335
129,1282,419,O,ALA,A,1.6176828648550916,0.0,335
130,2335,487,OD1,ASN,A,1.3449909589248334,1.0,335
131,2295,484,OE2,GLU,A,1.3726771817899504,0.0,335
132,2195,477,N,SER,A,1.1551493973324765,0.0,335
133,1757,451,O,TYR,A,1.7073461782015866,0.0,335
134,2295,484,OE2,GLU,A,1.399934173123638,0.0,335
135,1222,415,CA,THR,A,1.9624376265130588,0.0,335
136,1293,420,OD2,ASP,A,1.3585564689959317,0.0,335
137,2277,483,CG2,VAL,A,2.1049980420705876,0.0,335
138,2169,474,O,GLN,A,1.7537518973039765,0.0,335
139,1932,460,N,ASN,A,1.900347698168018,0.0,335
140,246,351,OH,TYR,A,2.227742306863986,0.0,335
141,2161,474,N,GLN,A,1.9410713375244544,0.0,335
142,1879,457,CD,ARG,A,2.0953525518062004,0.0,335
143,2380,490,CD1,PHE,A,2.3346109142096085,0.0,335
144,2269,482,O,GLY,A,1.4000413022267444,0.0,335
145,2417,492,O,LEU,A,1.7175567002433654,0.0,335
146,2116,471,OE1,GLU,A,1.8850072935860167,0.0,335
147,2266,482,N,GLY,A,1.700016076805817,0.0,335
148,1248,417,NZ,LYS,A,2.024065223390174,0.0,335
149,2350,488,O,CYS,A,1.3704223822409953,0.0,335
150,2231,479,CB,PRO,A,1.8244687868083278,0.0,335
151,2557,501,O,ASN,A,1.7443968345115548,0.0,335
152,1877,457,CB,ARG,A,2.7703956983919515,0.0,335
153,2089,469,OG,SER,A,1.42890924272737,0.0,335
154,1820,454,NH2,ARG,A,2.2810810182370997,0.0,335
155,1902,458,CG,LYS,A,2.3904949089097007,0.0,335
156,2378,490,CB,PHE,A,1.8522274263910914,0.0,335
157,1861,456,CZ,PHE,A,1.69146250546515,1.0,335
158,1030,402,N,ILE,A,1.4926254893495146,0.0,335
159,1905,458,NZ,LYS,A,1.661913528974778,0.0,335
160,1291,420,CG,ASP,A,1.6830706323204976,0.0,335
161,2525,499,CB,PRO,A,2.0939080811097464,0.0,335
162,2336,487,ND2,ASN,A,1.5058854432329862,0.0,335
163,1858,456,CG,PHE,A,1.7817679120649097,0.0,335
164,2528,499,O,PRO,A,1.374961834874422,0.0,335
165,250,351,O,TYR,A,2.2220837806389255,0.0,335
166,2266,482,N,GLY,A,1.9120023022996742,0.0,335
167,2191,476,O,GLY,A,1.3386701945386017,0.0,335
168,1737,450,ND2,ASN,A,1.552830730923103,0.0,335
169,2182,475,O,ALA,A,1.3684643921435171,0.0,335
170,2131,472,CD,ILE,A,1.7006767901328412,0.0,335
171,2190,476,C,GLY,A,1.7402376623015818,0.0,335
172,2116,471,OE1,GLU,A,1.4876245230017127,0.0,335
173,2603,505,CE2,TYR,A,1.7431560063777438,0.0,335
174,2147,473,OH,TYR,A,2.0649852394297206,0.0,335
175,1736,450,OD1,ASN,A,1.3569913650129046,0.0,335
176,2332,487,CA,ASN,A,1.954595395938295,1.0,335
177,2350,488,O,CYS,A,1.3411275210240305,0.0,335
178,1736,450,OD1,ASN,A,1.6531456891190388,0.0,335
179,2417,492,O,LEU,A,2.012856144341152,0.0,335
180,270,353,N,TRP,A,1.4018407848184953,0.0,335
181,1346,423,O,TYR,A,1.7942925386924269,0.0,335
182,2307,485,O,GLY,A,1.87783556717029,0.0,335
183,2380,490,CD1,PHE,A,1.7076698637951744,0.0,335
184,2554,501,OD1,ASN,A,1.8886570059562402,0.0,335
185,1907,458,O,LYS,A,1.7154946307614898,0.0,335
186,2091,469,O,SER,A,1.8079990146347502,0.0,335
187,1343,423,CD2,TYR,A,2.2792567823861116,0.0,335
188,1242,417,N,LYS,A,1.7058918415836302,0.0,335
189,2277,483,CG2,VAL,A,1.921752502765547,0.0,335
190,1227,415,O,THR,A,1.2860655967570835,0.0,335
191,1279,419,CA,ALA,A,2.2190954698468137,0.0,335
192,2331,487,N,ASN,A,2.0819340090239127,0.0,335
193,2435,493,NE2,GLN,A,1.5049894832438508,0.0,335
194,2234,479,O,PRO,A,1.5920335109603323,0.0,335
195,250,351,O,TYR,A,2.163141084501593,0.0,335
196,1798,453,OH,TYR,A,1.3662979502176575,0.0,335
197,2245,480,SG,CYS,A,2.5708842045922617,0.0,335
198,2062,467,CB,ASP,A,2.0161982735422526,0.0,335
199,2131,472,CD,ILE,A,1.699261122196703,0.0,335
200,1819,454,NH1,ARG,A,1.962352632995957,0.0,335
201,2116,471,OE1,GLU,A,1.3491123849250362,0.0,335
202,1036,402,C,ILE,A,1.135106242595885,0.0,335
203,261,352,CA,ALA,A,1.8886431034072186,0.0,335
204,2319,486,CE2,PHE,A,1.7128046533876804,0.0,335
205,1054,403,O,ARG,A,1.7558063404159008,0.0,335
206,2067,467,O,ASP,A,1.4002000960817824,0.0,335
207,1905,458,NZ,LYS,A,2.0077667400613124,0.0,335
208,2603,505,CE2,TYR,A,2.0371686887188374,0.0,335
209,1003,400,C,PHE,A,0.9103628422947639,0.0,335
210,1015,401,CA,VAL,A,1.841070954981501,0.0,335
211,2180,475,CB,ALA,A,1.7529385035130511,0.0,335
212,2180,475,CB,ALA,A,1.7525012128650308,1.0,335
213,212,349,N,SER,A,1.7038943731275127,0.0,335
214,2113,471,CB,GLU,A,1.9479445658341847,0.0,335
215,2449,494,OG,SER,A,1.9036286077879323,0.0,335
216,1242,417,N,LYS,A,2.0688251346388924,0.0,335
217,1144,409,CB,GLN,A,1.9205509036244808,0.0,335
218,2257,481,ND2,ASN,A,1.7151063634553139,0.0,335
219,1861,456,CZ,PHE,A,1.8058436739355237,0.0,335
220,2117,471,OE2,GLU,A,1.330828795212258,0.0,335
221,2336,487,ND2,ASN,A,1.932371865056646,1.0,335
222,1924,459,OG,SER,A,1.733839571353624,0.0,335
223,1883,457,NH2,ARG,A,1.550558227193799,0.0,335
224,2511,498,NE2,GLN,A,1.9138612145926663,0.0,335
225,2229,479,CD,PRO,A,1.8228565807523607,0.0,335
226,1052,403,NH2,ARG,A,2.0527554001621615,0.0,335
227,1127,408,C,ARG,A,0.33842836222384676,0.0,335
228,2386,490,O,PHE,A,1.8528140873668955,0.0,335
229,2131,472,CD,ILE,A,1.6809719708213064,0.0,335
230,2572,503,CA,VAL,A,0.8995860869862417,0.0,335
231,2099,470,CB,THR,A,2.412270505520242,0.0,335
232,1340,423,CE1,TYR,A,1.7115216270952345,0.0,335
233,1736,450,OD1,ASN,A,1.3559297156548407,0.0,335
234,1068,404,N,GLY,A,0.4345563397596563,0.0,335
235,2060,467,N,ASP,A,1.9458963536294471,0.0,335
236,205,348,C,ALA,A,1.3807072840674754,0.0,335
237,2601,505,OH,TYR,A,1.500342358301247,0.0,335
238,1036,402,C,ILE,A,0.8010651395685434,0.0,335
239,2232,479,CG,PRO,A,1.7510917078482588,0.0,335
240,1885,457,O,ARG,A,1.9327017200358263,0.0,335
241,1737,450,ND2,ASN,A,1.5499126340249458,0.0,335
242,1054,403,O,ARG,A,1.3777004882065038,0.0,335
243,246,351,OH,TYR,A,1.3627839538636575,0.0,335
244,1711,449,N,TYR,A,2.1001519904747035,0.0,335
245,1295,420,O,ASP,A,1.5000456389999361,0.0,335
246,1923,459,CB,SER,A,1.8248363197228221,0.0,335
247,2277,483,CG2,VAL,A,1.7504986882685438,0.0,335
248,1734,450,CB,ASN,A,2.0843070185770753,0.0,335
249,2434,493,OE1,GLN,A,1.345165225706352,0.0,335
250,1342,423,OH,TYR,A,1.503081947194016,0.0,335
251,2509,498,CD,GLN,A,2.5276643564171235,0.0,335
252,1926,459,O,SER,A,1.448919866126835,0.0,335
253,2145,473,CE1,TYR,A,1.7590264629068093,0.0,335
254,2511,498,NE2,GLN,A,1.5054652074041026,0.0,335
255,2232,479,CG,PRO,A,2.2417956196281206,0.0,335
256,1268,418,CG1,ILE,A,1.8363368445051438,0.0,335
257,1328,422,O,ASN,A,1.470706483169628,0.0,335
258,2489,497,CD1,PHE,A,2.2505743363287034,0.0,335
259,2244,480,CB,CYS,A,2.411399489920081,0.0,335
260,1248,417,NZ,LYS,A,1.9663724969483984,0.0,335
261,2335,487,OD1,ASN,A,1.327156404608285,1.0,335
262,2417,492,O,LEU,A,1.6269843999043694,0.0,335
263,2319,486,CE2,PHE,A,2.0462025069167398,0.0,335
264,2382,490,CZ,PHE,A,1.7024522877708486,0.0,335
265,2045,466,C,ARG,A,1.0541410644008098,0.0,335
266,1148,409,NE2,GLN,A,1.5815743389393555,0.0,335
267,1737,450,ND2,ASN,A,1.8252798141535616,0.0,335
268,1757,451,O,TYR,A,1.3996834548745585,0.0,335
269,2297,484,O,GLU,A,1.6843891968080151,0.0,335
270,1722,449,O,TYR,A,1.47293745692045,0.0,335
271,1736,450,OD1,ASN,A,1.4734184995712825,0.0,335
272,1068,404,N,GLY,A,0.7664713920460822,0.0,335
273,2565,502,CA,GLY,A,1.7800208468845409,0.0,335
274,1800,453,CE2,TYR,A,2.057399718369918,0.0,335
275,1346,423,O,TYR,A,2.130896419920216,0.0,335
276,2117,471,OE2,GLU,A,1.323618081147957,0.0,335
277,2603,505,CE2,TYR,A,2.041610396215318,0.0,335
278,2541,500,C,THR,A,1.221814029874318,0.0,335
279,1904,458,CE,LYS,A,2.1340869257446076,0.0,335
280,2451,494,O,SER,A,1.848359420232946,0.0,335
281,2554,501,OD1,ASN,A,1.3290134309300599,0.0,335
282,2273,483,N,VAL,A,1.9766568496134065,0.0,335
283,2335,487,OD1,ASN,A,1.3296864163158713,1.0,335
284,2417,492,O,LEU,A,2.0555956222050216,0.0,335
285,2333,487,CB,ASN,A,2.083413765966716,0.0,335
286,1843,455,O,LEU,A,2.088493440924162,0.0,335
287,2254,481,CB,ASN,A,1.9441412030422436,0.0,335
288,1922,459,CA,SER,A,2.057411409974312,0.0,335
289,1248,417,NZ,LYS,A,1.6534996825950534,0.0,335
290,1150,409,O,GLN,A,1.3236565659289996,0.0,335
291,1342,423,OH,TYR,A,1.5125394229471014,0.0,335
292,2266,482,N,GLY,A,1.9266810088068744,0.0,335
293,2511,498,NE2,GLN,A,1.5448865289004186,0.0,335
294,1248,417,NZ,LYS,A,1.8553019859550002,0.0,335
295,2511,498,NE2,GLN,A,1.5448642660192984,0.0,335
296,2481,496,O,GLY,A,1.9992639398560308,0.0,335
297,1052,403,NH2,ARG,A,1.8470329595722024,0.0,335
298,1753,451,OH,TYR,A,1.4077052875478873,0.0,335
299,1242,417,N,LYS,A,2.2207647617351505,0.0,335
300,1282,419,O,ALA,A,1.7887772246863585,0.0,335
301,2142,473,CB,TYR,A,2.0850625501293663,0.0,335
302,2180,475,CB,ALA,A,1.7462462190495849,0.0,335
303,1289,420,CA,ASP,A,2.008446621019913,0.0,335
304,2386,490,O,PHE,A,1.4705476249336418,0.0,335
305,1843,455,O,LEU,A,1.7936745522420445,0.0,335
306,2113,471,CB,GLU,A,2.0693414880505596,0.0,335
307,1739,450,O,ASN,A,1.375376569528498,0.0,335
308,1236,416,CA,GLY,A,1.9133571266685936,0.0,335
309,1702,448,ND2,ASN,A,1.629045683650506,0.0,335
310,2169,474,O,GLN,A,1.333912062813728,0.0,335
311,2076,468,CG1,ILE,A,1.8217667672298754,0.0,335
312,2273,483,N,VAL,A,1.878248099834754,0.0,335
313,1292,420,OD1,ASP,A,1.347762775522072,0.0,335
314,2075,468,CG2,ILE,A,2.089371126080798,0.0,335
315,270,353,N,TRP,A,1.8007603360674196,0.0,335
316,1293,420,OD2,ASP,A,1.3566433293138305,0.0,335
317,1716,449,CE1,TYR,A,1.7994438670911548,0.0,335
318,2103,470,O,THR,A,2.0248510391229098,0.0,335
319,2528,499,O,PRO,A,1.7567205959648942,0.0,335
320,2247,480,O,CYS,A,1.5679759928346129,0.0,335
321,264,352,O,ALA,A,1.3249084541703537,0.0,335
322,2481,496,O,GLY,A,1.8560683691462487,0.0,335
323,2289,484,N,GLU,A,1.8235858373381026,0.0,335
324,2359,489,CD1,TYR,A,2.03265518146822,0.0,335
325,2510,498,OE1,GLN,A,1.3807012649775043,0.0,335
326,1753,451,OH,TYR,A,1.3179725927513988,0.0,335
327,2528,499,O,PRO,A,1.3366778132836572,0.0,335
328,2315,486,CD1,PHE,A,2.0566698466395423,0.0,335
329,2116,471,OE1,GLU,A,1.7439817633704915,0.0,335
330,2380,490,CD1,PHE,A,2.211104850712174,0.0,335
331,1102,407,N,VAL,A,1.3783535463122465,0.0,335
332,2357,489,CB,TYR,A,2.017134813766131,1.0,335
333,2657,508,O,TYR,A,2.0037739065036337,0.0,335
334,2100,470,OG1,THR,A,2.3960241804806475,0.0,335
335,1924,459,OG,SER,A,1.8756464641600403,0.0,335
336,1775,452,NH2,ARG,A,2.0167676520656626,0.0,335
337,264,352,O,ALA,A,1.4385281258181657,0.0,335
338,1774,452,NH1,ARG,A,1.5451235630561322,0.0,335
339,2319,486,CE2,PHE,A,1.8140587834636004,0.0,335
340,1340,423,CE1,TYR,A,1.7192550343249733,0.0,335
341,1051,403,NH1,ARG,A,2.1294231669225954,0.0,335
342,2511,498,NE2,GLN,A,1.9099855656496223,1.0,335
343,2350,488,O,CYS,A,1.5446523368363405,0.0,335
344,2079,468,O,ILE,A,1.4886187951784795,0.0,335
345,2027,465,OE2,GLU,A,2.1344882856565293,0.0,335
346,1142,409,N,GLN,A,1.5836543398719833,0.0,335
347,1902,458,CG,LYS,A,2.04559369531089,0.0,335
348,2335,487,OD1,ASN,A,1.7507956152855397,0.0,335
349,2555,501,ND2,ASN,A,1.8262992967268277,0.0,335
350,1699,448,CB,ASN,A,2.02037079600316,0.0,335
351,1246,417,CD,LYS,A,2.026795749796837,0.0,335
352,1309,421,CE2,TYR,A,2.029890205860084,0.0,335
353,1282,419,O,ALA,A,2.0867414293470907,0.0,335
354,2350,488,O,CYS,A,1.34239330760204,0.0,335
355,1102,407,N,VAL,A,0.8645284160001439,0.0,335
356,2541,500,C,THR,A,0.8477240764419527,0.0,335
357,270,353,N,TRP,A,0.8443092676405033,0.0,335
358,1773,452,CZ,ARG,A,1.7399979471940372,0.0,335
359,2253,481,CA,ASN,A,2.145623572020924,0.0,335
360,2564,502,N,GLY,A,2.1699047736843746,0.0,335
361,2103,470,O,THR,A,2.31539236351598,0.0,335
362,2381,490,CE1,PHE,A,1.7343513805757225,0.0,335
363,1244,417,CB,LYS,A,2.549197542595249,0.0,335
364,2247,480,O,CYS,A,1.9069890079896739,0.0,335
365,2116,471,OE1,GLU,A,1.3398448105267202,0.0,335
366,1773,452,CZ,ARG,A,1.6903061645383868,0.0,335
367,2268,482,C,GLY,A,1.6893497222684357,0.0,335
368,2100,470,OG1,THR,A,1.7938121345822657,0.0,335
369,1713,449,CB,TYR,A,1.8839835736415615,0.0,335
370,1702,448,ND2,ASN,A,1.5715087062231707,0.0,335
371,2615,506,N,GLN,A,0.6880369356465408,0.0,335
372,1236,416,CA,GLY,A,1.980450026629838,0.0,335
373,264,352,O,ALA,A,1.3124073882568061,0.0,335
374,1267,418,CG2,ILE,A,2.468915725145152,0.0,335
375,214,349,CB,SER,A,2.055261527908547,0.0,335
376,2603,505,CE2,TYR,A,1.8375954973299462,0.0,335
377,2331,487,N,ASN,A,2.0453606719395583,0.0,335
378,2079,468,O,ILE,A,1.8226460408016611,0.0,335
379,2555,501,ND2,ASN,A,2.460881293480177,0.0,335
380,2076,468,CG1,ILE,A,1.7399170364817425,0.0,335
381,1861,456,CZ,PHE,A,1.682363807695376,0.0,335
382,2432,493,CG,GLN,A,2.0639281132616953,0.0,335
383,1081,405,C,ASP,A,1.1530952051231023,0.0,335
384,1248,417,NZ,LYS,A,1.779192887664525,0.0,335
385,1905,458,NZ,LYS,A,1.6850532016991915,0.0,335
386,2276,483,CG1,VAL,A,1.7369317045115154,0.0,335
387,1736,450,OD1,ASN,A,1.5589601667062212,0.0,335
388,1719,449,CD2,TYR,A,2.454977146865869,0.0,335
389,2360,489,CE1,TYR,A,1.9991930026720843,0.0,335
390,2294,484,OE1,GLU,A,1.3792770063896098,0.0,335
391,1307,421,OH,TYR,A,1.3932464518053922,0.0,335
392,1343,423,CD2,TYR,A,2.04930935625429,0.0,335
393,229,350,O,VAL,A,1.7326924669316024,0.0,335
394,1907,458,O,LYS,A,1.5520055384244489,0.0,335
395,2131,472,CD,ILE,A,1.6745090149060289,0.0,335
396,1344,423,CE2,TYR,A,1.7350780308862008,0.0,335
397,2259,481,O,ASN,A,1.515430322380511,0.0,335
398,1159,410,N,ILE,A,1.4116602720009277,0.0,335
399,2290,484,CA,GLU,A,1.9774887097051614,0.0,335
400,2196,477,CA,SER,A,1.3414341922526645,0.0,335
401,1691,447,CA,GLY,A,2.054010613089387,0.0,335
402,1307,421,OH,TYR,A,1.5316877247152507,0.0,335
403,2294,484,OE1,GLU,A,1.3760047710766397,0.0,335
404,1339,423,CD1,TYR,A,1.7010030692198321,0.0,335
405,2297,484,O,GLU,A,1.7420961174072114,0.0,335
406,2603,505,CE2,TYR,A,1.8725641625441876,0.0,335
407,2481,496,O,GLY,A,1.283327801932477,0.0,335
408,1734,450,CB,ASN,A,2.0213664168370054,0.0,335
409,2318,486,CD2,PHE,A,1.7099433811237181,0.0,335
410,1282,419,O,ALA,A,1.3084692563463882,0.0,335
411,1772,452,NE,ARG,A,2.217153581056859,0.0,335
412,1798,453,OH,TYR,A,2.0613823297888603,0.0,335
413,2528,499,O,PRO,A,2.0329242705512542,1.0,335
414,2294,484,OE1,GLU,A,1.2816157874650134,0.0,335
415,2279,483,O,VAL,A,1.3540288679865704,0.0,335
416,2279,483,O,VAL,A,1.329651722672891,0.0,335
417,1718,449,OH,TYR,A,1.673948804464463,0.0,335
418,2191,476,O,GLY,A,1.3198357879195184,0.0,335
419,2356,489,CA,TYR,A,2.168159301806017,0.0,335
420,2381,490,CE1,PHE,A,2.4196448108175863,0.0,335
421,1342,423,OH,TYR,A,1.3009801886418166,0.0,335
422,1295,420,O,ASP,A,2.106730049774458,0.0,335
423,2602,505,CD2,TYR,A,1.7398607897876779,0.0,335
424,2163,474,CB,GLN,A,1.9021477047608606,0.0,335
425,2089,469,OG,SER,A,1.470936060764372,0.0,335
426,2279,483,O,VAL,A,1.322164030501546,0.0,335
427,2091,469,O,SER,A,1.6771982132881198,0.0,335
428,244,351,CE1,TYR,A,1.7936529843008167,0.0,335
429,2541,500,C,THR,A,1.5019721065361251,0.0,335
430,2551,501,CA,ASN,A,2.0490354580450645,0.0,335
431,2315,486,CD1,PHE,A,1.7745758702710814,0.0,335
432,2449,494,OG,SER,A,2.7125853349037516,0.0,335
433,2182,475,O,ALA,A,1.7651142614327229,0.0,335
434,2576,503,C,VAL,A,1.490131789231169,0.0,335
435,1739,450,O,ASN,A,1.329628577839156,0.0,335
436,1292,420,OD1,ASP,A,1.5161206740811641,0.0,335
437,2116,471,OE1,GLU,A,1.5927863160913305,0.0,335
438,1932,460,N,ASN,A,1.1335333138018822,0.0,335
439,2491,497,CZ,PHE,A,1.7863153432351238,0.0,335
440,2363,489,CD2,TYR,A,1.7856975407797242,0.0,335
441,1150,409,O,GLN,A,1.7861581258447257,0.0,335
442,2481,496,O,GLY,A,1.8879886960337182,0.0,335
443,2557,501,O,ASN,A,1.4176683892699173,0.0,335
444,1328,422,O,ASN,A,1.7708779306232296,0.0,335
445,1148,409,NE2,GLN,A,1.4790992604214477,0.0,335
446,1128,408,O,ARG,A,0.9784050746219869,0.0,335
447,2335,487,OD1,ASN,A,1.288361161360541,1.0,335
448,192,347,O,PHE,A,1.9254732478678012,0.0,335
449,1020,401,O,VAL,A,1.4832096392286085,0.0,335
450,1857,456,CB,PHE,A,2.134250221822188,0.0,335
451,262,352,CB,ALA,A,2.107651872960875,0.0,335
452,1093,406,OE2,GLU,A,1.5079062500066953,0.0,335
453,2279,483,O,VAL,A,1.742046454877851,0.0,335
454,1292,420,OD1,ASP,A,1.2904521321348705,0.0,335
455,2433,493,CD,GLN,A,1.6498757035413345,0.0,335
456,1279,419,CA,ALA,A,2.453521766116563,0.0,335
457,2129,472,CG2,ILE,A,1.7427237763119858,0.0,335
458,2400,491,CG,PRO,A,2.5957006958842945,0.0,335
459,2602,505,CD2,TYR,A,2.0799362906081016,0.0,335
460,2117,471,OE2,GLU,A,1.3707023375685607,0.0,335
461,1924,459,OG,SER,A,1.7163616488583526,0.0,335
462,1280,419,CB,ALA,A,1.7707583435798107,0.0,335
463,2348,488,SG,CYS,A,2.0857785752968825,0.0,335
464,1926,459,O,SER,A,1.3811096730062513,0.0,335
465,2333,487,CB,ASN,A,1.9491746660287403,0.0,335
466,2142,473,CB,TYR,A,1.9840366059247267,0.0,335
467,1858,456,CG,PHE,A,1.7981710862518785,0.0,335
468,2449,494,OG,SER,A,2.017718822355961,0.0,335
469,1753,451,OH,TYR,A,1.6582225748133304,0.0,335
470,2276,483,CG1,VAL,A,1.7196543371141155,0.0,335
471,2254,481,CB,ASN,A,1.9915081411694127,0.0,335
472,2449,494,OG,SER,A,1.7815311780136593,0.0,335
473,250,351,O,TYR,A,1.4614189102509307,0.0,335
474,2432,493,CG,GLN,A,1.8380732428391746,0.0,335
475,2164,474,CG,GLN,A,1.8015229394637184,0.0,335
476,1128,408,O,ARG,A,1.1600785855016298,0.0,335
477,1860,456,CE1,PHE,A,1.6912573755241758,0.0,335
478,2234,479,O,PRO,A,1.5738527063640297,0.0,335
479,1798,453,OH,TYR,A,1.903511120279623,0.0,335
480,1861,456,CZ,PHE,A,1.7802527550046778,0.0,335
481,2188,476,N,GLY,A,2.0578825237794227,0.0,335
482,2379,490,CG,PHE,A,1.9104698570318124,0.0,335
483,2276,483,CG1,VAL,A,1.7564566349767348,0.0,335
484,1307,421,OH,TYR,A,1.8798890584981631,0.0,335
485,2511,498,NE2,GLN,A,1.8342208775071591,0.0,335
486,2297,484,O,GLU,A,1.6214712616441338,0.0,335
487,2075,468,CG2,ILE,A,2.15992657916906,0.0,335
488,1905,458,NZ,LYS,A,1.7751315719154952,0.0,335
489,229,350,O,VAL,A,1.5760414768349558,0.0,335
490,2507,498,CB,GLN,A,2.1140716701254876,0.0,335
491,1242,417,N,LYS,A,1.9157256965848404,0.0,335
492,1150,409,O,GLN,A,1.3154207117671135,0.0,335
493,2430,493,CA,GLN,A,1.941766023696597,0.0,335
494,2146,473,CZ,TYR,A,2.101262224099591,0.0,335
495,1046,403,CB,ARG,A,2.0807550510950708,0.0,335
496,2182,475,O,ALA,A,2.142061707630911,1.0,335
497,2510,498,OE1,GLN,A,1.733034338229022,0.0,335
498,2336,487,ND2,ASN,A,1.6877064932765864,1.0,335
499,2086,469,N,SER,A,1.6315897547863172,0.0,335
500,1751,451,CE1,TYR,A,1.7752638340250078,0.0,335
501,1718,449,OH,TYR,A,1.7978853523233902,0.0,335
502,1865,456,O,PHE,A,2.082864500236508,0.0,335
503,2599,505,CE1,TYR,A,1.8295463135042227,0.0,335
504,2382,490,CZ,PHE,A,1.8052590941115036,0.0,335
505,2511,498,NE2,GLN,A,1.5665131285512948,0.0,335
506,2231,479,CB,PRO,A,1.9247645683247379,0.0,335
507,244,351,CE1,TYR,A,2.1792968409184508,0.0,335
508,2335,487,OD1,ASN,A,1.804001813064562,0.0,335
509,2348,488,SG,CYS,A,1.7652937367381203,0.0,335
510,2346,488,CA,CYS,A,2.722075803834531,0.0,335
511,1034,402,CG1,ILE,A,1.8146431087287793,0.0,335
512,2434,493,OE1,GLN,A,1.6671472904786362,0.0,335
513,1018,401,CG2,VAL,A,1.7675977841467103,0.0,335
514,2357,489,CB,TYR,A,1.7480726843211383,0.0,335
515,2130,472,CG1,ILE,A,1.647550179485967,0.0,335
516,2528,499,O,PRO,A,1.4254717002522344,1.0,335
517,2103,470,O,THR,A,1.8190715881156057,0.0,335
518,2414,492,CD1,LEU,A,2.0251760381965,0.0,335
519,1902,458,CG,LYS,A,1.8274097991547549,0.0,335
520,2451,494,O,SER,A,1.3685731764223497,0.0,335
521,264,352,O,ALA,A,1.7848424044572422,0.0,335
522,1715,449,CD1,TYR,A,1.7371112210496362,0.0,335
523,2277,483,CG2,VAL,A,1.6630472191486603,0.0,335
524,2064,467,OD1,ASP,A,1.941215129866553,0.0,335
525,2131,472,CD,ILE,A,1.7404582726951332,0.0,335
526,1119,408,CA,ARG,A,1.449418161611185,0.0,335
527,2525,499,CB,PRO,A,1.9475117972159526,0.0,335
528,2076,468,CG1,ILE,A,2.19588283859809,0.0,335
529,1150,409,O,GLN,A,1.5105814639501118,0.0,335
530,2061,467,CA,ASP,A,2.0150201440359683,0.0,335
531,2318,486,CD2,PHE,A,1.6608386835027076,0.0,335
532,1736,450,OD1,ASN,A,1.6070805922175289,0.0,335
533,1304,421,CD1,TYR,A,2.175453450756372,0.0,335
534,1711,449,N,TYR,A,2.082770206558322,0.0,335
535,1718,449,OH,TYR,A,1.9294901826528257,0.0,335
536,2336,487,ND2,ASN,A,1.9637892104459163,0.0,335
537,1338,423,CG,TYR,A,1.8102517693743163,0.0,335
538,2189,476,CA,GLY,A,1.925694086314594,0.0,335
539,2589,504,C,GLY,A,0.593033324252594,0.0,335
540,2495,497,O,PHE,A,1.8205686318273138,0.0,335
541,1248,417,NZ,LYS,A,1.7505206929250858,0.0,335
542,2276,483,CG1,VAL,A,1.7429974859181805,0.0,335
543,1767,452,N,ARG,A,2.125673094517656,0.0,335
544,2430,493,CA,GLN,A,2.168431354294213,0.0,335
545,1292,420,OD1,ASP,A,1.3498624524366793,0.0,335
546,206,348,O,ALA,A,1.852990654095846,0.0,335
547,2555,501,ND2,ASN,A,1.97982118459209,0.0,335
548,2435,493,NE2,GLN,A,1.5481761911282832,0.0,335
549,1248,417,NZ,LYS,A,2.1232810586195305,0.0,335
550,1321,422,N,ASN,A,1.9955420131721586,0.0,335
551,2495,497,O,PHE,A,1.3658694413942736,0.0,335
552,2254,481,CB,ASN,A,2.010358224415638,0.0,335
553,2414,492,CD1,LEU,A,2.2284387064584834,0.0,335
554,1756,451,C,TYR,A,1.7012076731722054,0.0,335
555,1335,423,N,TYR,A,2.180796019028043,0.0,335
556,1692,447,C,GLY,A,0.29902964782214886,0.0,335
557,1051,403,NH1,ARG,A,1.9009211612013819,0.0,335
558,1699,448,CB,ASN,A,1.7797067466267613,0.0,335
559,2451,494,O,SER,A,1.9473791518901695,0.0,335
560,2307,485,O,GLY,A,1.3535147964996137,0.0,335
561,1145,409,CG,GLN,A,2.2338023318899074,0.0,335
562,1774,452,NH1,ARG,A,1.5632261313529632,0.0,335
563,1307,421,OH,TYR,A,1.4203119262506894,0.0,335
564,1343,423,CD2,TYR,A,1.7223040556827902,0.0,335
565,262,352,CB,ALA,A,1.8088635377027502,0.0,335
566,1692,447,C,GLY,A,1.0061186957428068,0.0,335
567,2432,493,CG,GLN,A,2.103399975303141,0.0,335
568,2362,489,OH,TYR,A,2.1562458039358487,0.0,335
569,2555,501,ND2,ASN,A,2.297676897728185,0.0,335
570,1307,421,OH,TYR,A,1.3308356189235202,0.0,335
571,1905,458,NZ,LYS,A,1.7430620851079792,0.0,335
572,1342,423,OH,TYR,A,1.5520012165566535,0.0,335
573,1905,458,NZ,LYS,A,1.997115261551024,0.0,335
574,2565,502,CA,GLY,A,1.7947452890260744,0.0,335
575,1698,448,CA,ASN,A,2.074318418028483,0.0,335
576,264,352,O,ALA,A,1.899231381285529,0.0,335
577,1843,455,O,LEU,A,1.9483768997732358,0.0,335
578,264,352,O,ALA,A,1.933004044490788,0.0,335
579,1018,401,CG2,VAL,A,2.369360594403879,0.0,335
580,2182,475,O,ALA,A,1.6821614378033845,1.0,335
581,2075,468,CG2,ILE,A,1.7151110198021509,0.0,335
582,1019,401,C,VAL,A,1.8371134279657744,0.0,335
583,1268,418,CG1,ILE,A,2.224894194433052,0.0,335
584,2350,488,O,CYS,A,1.3352318307373903,0.0,335
585,2150,473,C,TYR,A,2.434432782386922,0.0,335
586,2143,473,CG,TYR,A,1.7038712003974188,0.0,335
587,2317,486,CZ,PHE,A,1.711080423545253,0.0,335
588,2131,472,CD,ILE,A,1.7110802056956806,0.0,335
589,1691,447,CA,GLY,A,1.6489351502551806,0.0,335
590,2605,505,O,TYR,A,2.075680985464134,0.0,335
591,1800,453,CE2,TYR,A,2.1409474505945676,0.0,335
592,2601,505,OH,TYR,A,1.5008210046770594,0.0,335
593,2621,506,NE2,GLN,A,1.901404480736206,0.0,335
594,1356,424,N,LYS,A,1.9104298619492786,0.0,335
595,1818,454,CZ,ARG,A,2.072824552795916,0.0,335
596,2091,469,O,SER,A,1.887815108951691,0.0,335
597,1878,457,CG,ARG,A,1.9854688456129357,0.0,335
598,2089,469,OG,SER,A,1.7751767494573616,0.0,335
599,1052,403,NH2,ARG,A,2.146054044848004,0.0,335
600,2180,475,CB,ALA,A,2.0479794717317255,0.0,335
601,1018,401,CG2,VAL,A,1.7412300479905407,0.0,335
602,2213,478,C,LYS,A,0.977100068239628,0.0,335
603,1336,423,CA,TYR,A,2.0286841036022594,0.0,335
604,2256,481,OD1,ASN,A,2.1472373778705762,0.0,335
605,1327,422,C,ASN,A,1.9763501108928518,0.0,335
606,2189,476,CA,GLY,A,2.229484254339584,0.0,335
607,2489,497,CD1,PHE,A,1.9861522679226888,0.0,335
608,1290,420,CB,ASP,A,1.8326583289297371,0.0,335
609,2103,470,O,THR,A,1.3365016250211883,0.0,335
610,2182,475,O,ALA,A,1.5098374456935906,0.0,335
611,2315,486,CD1,PHE,A,1.6619017401817568,0.0,335
612,2274,483,CA,VAL,A,1.9818933424190994,0.0,335
613,1090,406,CG,GLU,A,1.9423404563791937,0.0,335
614,2567,502,O,GLY,A,1.4897566484745626,0.0,335
615,2449,494,OG,SER,A,2.0774006700987617,0.0,335
616,205,348,C,ALA,A,1.5466308957960309,0.0,335
617,2060,467,N,ASP,A,1.5479489608133488,0.0,335
618,1903,458,CD,LYS,A,1.7412461583200332,0.0,335
619,1769,452,CB,ARG,A,2.083191715570953,0.0,335
620,2434,493,OE1,GLN,A,1.9010973449637372,0.0,335
621,1859,456,CD1,PHE,A,1.8791176145627158,0.0,335
622,1292,420,OD1,ASP,A,1.522278308465804,0.0,335
623,2523,499,CD,PRO,A,2.024241275260924,0.0,335
624,2336,487,ND2,ASN,A,1.9290935529747322,0.0,335
625,2169,474,O,GLN,A,1.7037670432855239,0.0,335
626,2605,505,O,TYR,A,2.0622920452447215,0.0,335
627,2451,494,O,SER,A,2.563505237803128,0.0,335
628,2276,483,CG1,VAL,A,1.8152174479156518,0.0,335
629,2214,478,O,LYS,A,2.4148277261304862,0.0,335
630,1863,456,CE2,PHE,A,1.8101845005431327,0.0,335
631,2067,467,O,ASP,A,1.3506922585533798,0.0,335
632,2384,490,CE2,PHE,A,2.265551872342174,0.0,335
633,1147,409,OE1,GLN,A,1.313650699635809,0.0,335
634,1719,449,CD2,TYR,A,1.6435830861268548,0.0,335
635,1718,449,OH,TYR,A,1.930157819010603,0.0,335
636,1267,418,CG2,ILE,A,2.245397525050839,0.0,335
637,192,347,O,PHE,A,1.2517912173136458,0.0,335
638,1775,452,NH2,ARG,A,1.4774902176906073,0.0,335
639,1082,405,O,ASP,A,1.8305787844366994,0.0,335
640,212,349,N,SER,A,2.0687088426793245,0.0,335
641,2524,499,CA,PRO,A,1.814251981158314,0.0,335
642,1883,457,NH2,ARG,A,1.8207310314048242,0.0,335
643,2481,496,O,GLY,A,1.2877906457326749,0.0,335
644,1862,456,CD2,PHE,A,2.2969334968279798,0.0,335
645,1901,458,CB,LYS,A,2.249290348486861,0.0,335
646,246,351,OH,TYR,A,1.520185023998456,0.0,335
647,1713,449,CB,TYR,A,2.0051470863177956,0.0,335
648,2169,474,O,GLN,A,1.876725071191675,0.0,335
649,250,351,O,TYR,A,1.8865279916772988,0.0,335
650,2507,498,CB,GLN,A,2.3348037933438706,0.0,335
651,2182,475,O,ALA,A,1.5312648881852136,1.0,335
652,1045,403,CA,ARG,A,1.8992281874117514,0.0,335
653,250,351,O,TYR,A,1.9960700933007804,0.0,335
654,2382,490,CZ,PHE,A,2.6370896961376027,0.0,335
655,1820,454,NH2,ARG,A,2.088158176968964,0.0,335
656,2067,467,O,ASP,A,1.5484507849801386,0.0,335
657,2088,469,CB,SER,A,2.0503115726872263,0.0,335
658,264,352,O,ALA,A,1.6900146395490865,0.0,335
659,212,349,N,SER,A,2.653647218643466,0.0,335
660,1697,448,N,ASN,A,1.7985475744293848,0.0,335
661,2448,494,CB,SER,A,1.899778672352069,0.0,335
662,1247,417,CE,LYS,A,2.354781025843993,0.0,335
663,1737,450,ND2,ASN,A,1.782215004686053,0.0,335
664,1018,401,CG2,VAL,A,1.748794588797735,0.0,335
665,2064,467,OD1,ASP,A,1.7736511735314338,0.0,335
666,2362,489,OH,TYR,A,1.5009579955166321,0.0,335
667,1247,417,CE,LYS,A,2.274437766073629,0.0,335
668,1905,458,NZ,LYS,A,1.6536061222015028,0.0,335
669,1753,451,OH,TYR,A,1.9501593227613863,0.0,335
670,1328,422,O,ASN,A,2.0203076497501464,0.0,335
671,2316,486,CE1,PHE,A,1.925765686016139,0.0,335
672,1907,458,O,LYS,A,1.3081923699878144,0.0,335
673,2133,472,O,ILE,A,1.382330713503399,0.0,335
674,2511,498,NE2,GLN,A,1.7314257223903773,0.0,335
675,2259,481,O,ASN,A,1.6735725229662444,0.0,335
676,206,348,O,ALA,A,1.3381970400936944,0.0,335
677,1865,456,O,PHE,A,1.9941604217012456,0.0,335
678,2508,498,CG,GLN,A,2.2220001871295088,1.0,335
679,1068,404,N,GLY,A,1.7815162624898642,0.0,335
680,1018,401,CG2,VAL,A,1.9726229385581597,0.0,335
681,229,350,O,VAL,A,1.9978280572345382,0.0,335
682,2242,480,N,CYS,A,2.453735219953041,0.0,335
683,2133,472,O,ILE,A,1.4678513118262637,0.0,335
684,2257,481,ND2,ASN,A,1.5174325213056183,0.0,335
685,2380,490,CD1,PHE,A,1.6656512336513332,0.0,335
686,1905,458,NZ,LYS,A,1.7072865085556677,0.0,335
687,2131,472,CD,ILE,A,1.7062832274636934,0.0,335
688,1267,418,CG2,ILE,A,2.000700521252738,0.0,335
689,1227,415,O,THR,A,1.4815092517810367,0.0,335
690,2338,487,O,ASN,A,1.912530013308411,0.0,335
691,2313,486,CB,PHE,A,2.0438056961388757,0.0,335
692,243,351,CD1,TYR,A,2.235609741111817,0.0,335
693,2277,483,CG2,VAL,A,1.7403542233268434,0.0,335
694,2178,475,N,ALA,A,2.43376980247949,0.0,335
695,1280,419,CB,ALA,A,1.8746102392464539,0.0,335
696,2296,484,C,GLU,A,1.663176206341701,0.0,335
697,2564,502,N,GLY,A,1.7824154086738824,0.0,335
698,1264,418,N,ILE,A,2.24165527671634,0.0,335
699,2435,493,NE2,GLN,A,1.7594264293378754,0.0,335
700,2378,490,CB,PHE,A,1.737767353439946,0.0,335
701,1841,455,CD2,LEU,A,2.115351885517265,0.0,335
702,1904,458,CE,LYS,A,2.092141314260034,0.0,335
703,1924,459,OG,SER,A,1.3800078807958989,0.0,335
704,1716,449,CE1,TYR,A,1.9730312526734475,0.0,335
705,2276,483,CG1,VAL,A,2.2080074022284895,0.0,335
706,2510,498,OE1,GLN,A,1.5026769628118666,0.0,335
707,2307,485,O,GLY,A,1.4485954654002402,0.0,335
708,1267,418,CG2,ILE,A,2.3666299180693238,0.0,335
709,2075,468,CG2,ILE,A,2.0512123837622527,0.0,335
710,1901,458,CB,LYS,A,1.916252263882186,0.0,335
711,1052,403,NH2,ARG,A,2.5646744937485626,0.0,335
712,2487,497,CB,PHE,A,1.8198581599893648,0.0,335
713,2079,468,O,ILE,A,1.3140965156996385,0.0,335
714,2077,468,CD,ILE,A,2.0208511612849196,0.0,335
715,2182,475,O,ALA,A,1.971099777695981,0.0,335
716,1720,449,CE2,TYR,A,1.8643440752948852,0.0,335
717,2513,498,O,GLN,A,1.5309552118556913,0.0,335
718,2091,469,O,SER,A,1.989568246919607,0.0,335
719,2507,498,CB,GLN,A,1.8406029970091746,0.0,335
720,1307,421,OH,TYR,A,2.0472138033495773,0.0,335
721,212,349,N,SER,A,1.7891790444795934,0.0,335
722,2360,489,CE1,TYR,A,1.8777748594022392,0.0,335
723,2554,501,OD1,ASN,A,1.7731522976330927,0.0,335
724,1095,406,O,GLU,A,1.373124642226992,0.0,335
725,1879,457,CD,ARG,A,2.048641089842292,0.0,335
726,2100,470,OG1,THR,A,1.8972862010758778,0.0,335
727,2479,496,CA,GLY,A,1.8447213027460319,0.0,335
728,1923,459,CB,SER,A,1.7496492398346186,0.0,335
729,2565,502,CA,GLY,A,1.741870087468265,0.0,335
730,1774,452,NH1,ARG,A,1.8842981499996492,0.0,335
731,2313,486,CB,PHE,A,2.3009607818810514,0.0,335
732,1716,449,CE1,TYR,A,1.7224501346557544,0.0,335
733,2111,471,N,GLU,A,1.8238464566133366,0.0,335
734,2481,496,O,GLY,A,1.7159444060857352,0.0,335
735,247,351,CD2,TYR,A,2.0960434683333573,0.0,335
736,2073,468,CA,ILE,A,2.086085185843659,0.0,335
737,2525,499,CB,PRO,A,2.006952508994,0.0,335
738,1932,460,N,ASN,A,0.8444268342255167,0.0,335
739,2133,472,O,ILE,A,1.9682590035115946,0.0,335
740,2243,480,CA,CYS,A,2.050439097674929,0.0,335
741,2382,490,CZ,PHE,A,2.4255885517915914,0.0,335
742,2294,484,OE1,GLU,A,1.861199394983123,0.0,335
743,2067,467,O,ASP,A,1.6674361572696876,0.0,335
744,2313,486,CB,PHE,A,2.3901232239547063,0.0,335
745,1052,403,NH2,ARG,A,2.087429340375959,0.0,335
746,2481,496,O,GLY,A,2.0283007922354157,0.0,335
747,1905,458,NZ,LYS,A,1.876799630331878,0.0,335
748,2131,472,CD,ILE,A,2.0601815205272613,0.0,335
749,1267,418,CG2,ILE,A,2.2558023279716957,0.0,335
750,2552,501,CB,ASN,A,1.8744559226337048,0.0,335
751,1036,402,C,ILE,A,0.4922106628364069,0.0,335
752,1860,456,CE1,PHE,A,1.726205201782185,0.0,335
753,1018,401,CG2,VAL,A,1.775836024236979,0.0,335
754,2599,505,CE1,TYR,A,1.6791635590592018,0.0,335
755,1279,419,CA,ALA,A,2.10769888445873,0.0,335
756,2274,483,CA,VAL,A,2.041042838482922,0.0,335
757,2191,476,O,GLY,A,1.8337402481635672,0.0,335
758,1877,457,CB,ARG,A,1.8642391687893545,0.0,335
759,2103,470,O,THR,A,1.542067664622029,0.0,335
760,2229,479,CD,PRO,A,2.0759289267572254,0.0,335
761,1733,450,CA,ASN,A,2.0439978218224004,0.0,335
762,1305,421,CE1,TYR,A,1.989515963728838,0.0,335
763,246,351,OH,TYR,A,1.63285956806009,0.0,335
764,2277,483,CG2,VAL,A,1.7558610479189225,0.0,335
765,1090,406,CG,GLU,A,2.001160716836942,0.0,335
766,2566,502,C,GLY,A,2.011876807666975,0.0,335
767,1775,452,NH2,ARG,A,1.5369157906032689,0.0,335
768,2111,471,N,GLU,A,1.9808238100597517,0.0,335
769,2076,468,CG1,ILE,A,1.7396357821295907,0.0,335
770,1876,457,CA,ARG,A,1.9896077640019965,0.0,335
771,2434,493,OE1,GLN,A,1.8710723605495712,0.0,335
772,1051,403,NH1,ARG,A,1.660636899448085,0.0,335
773,1019,401,C,VAL,A,1.813150927112679,0.0,335
774,2269,482,O,GLY,A,1.544481944938101,0.0,335
775,2072,468,N,ILE,A,1.887964320803632,0.0,335
776,1819,454,NH1,ARG,A,1.9689466499289774,0.0,335
777,1342,423,OH,TYR,A,1.5432384829145789,0.0,335
778,2313,486,CB,PHE,A,2.1103097155618076,0.0,335
779,2060,467,N,ASP,A,1.5399501963508118,0.0,335
780,1733,450,CA,ASN,A,1.8999364061583135,0.0,335
781,2536,500,N,THR,A,0.8851783658218811,0.0,335
782,1774,452,NH1,ARG,A,1.939720158426669,0.0,335
783,1268,418,CG1,ILE,A,1.8394642219520663,0.0,335
784,1148,409,NE2,GLN,A,1.962720867867919,0.0,335
785,2257,481,ND2,ASN,A,1.8969648976520614,0.0,335
786,2565,502,CA,GLY,A,2.0246480619548257,0.0,335
787,2336,487,ND2,ASN,A,1.540488561374196,0.0,335
788,2449,494,OG,SER,A,1.813215622883468,0.0,335
789,1747,451,CA,TYR,A,2.1281930664201054,0.0,335
790,1226,415,C,THR,A,0.47932171425227166,0.0,335
791,1142,409,N,GLN,A,1.878843006692666,0.0,335
792,2315,486,CD1,PHE,A,2.17447423352164,0.0,335
793,2435,493,NE2,GLN,A,1.7829445961973387,0.0,335
794,2536,500,N,THR,A,1.1738991389758036,0.0,335
795,2526,499,CG,PRO,A,1.7036831434222108,0.0,335
796,1717,449,CZ,TYR,A,1.7400443018940863,0.0,335
797,2130,472,CG1,ILE,A,1.9291018865598608,0.0,335
798,1737,450,ND2,ASN,A,2.119498992905776,0.0,335
799,2525,499,CB,PRO,A,1.7273003801243054,0.0,335
800,1775,452,NH2,ARG,A,1.8335034895506115,0.0,335
801,1340,423,CE1,TYR,A,1.7338272033199014,0.0,335
802,2621,506,NE2,GLN,A,1.5071789858283777,0.0,335
803,2294,484,OE1,GLU,A,1.591886720717884,0.0,335
804,2231,479,CB,PRO,A,2.047705172822171,0.0,335
805,2169,474,O,GLN,A,1.5356896262674853,0.0,335
806,2435,493,NE2,GLN,A,1.5367443449777567,0.0,335
807,2331,487,N,ASN,A,1.9357396873635928,0.0,335
808,2587,504,N,GLY,A,1.4391402963560234,0.0,335
809,2091,469,O,SER,A,1.5093511021358827,0.0,335
810,2098,470,CA,THR,A,2.1220514497026066,0.0,335
811,1713,449,CB,TYR,A,1.779586618101655,0.0,335
812,2336,487,ND2,ASN,A,1.5465501079397805,0.0,335
813,2089,469,OG,SER,A,1.9002988509590741,0.0,335
814,2315,486,CD1,PHE,A,2.161676298561459,0.0,335
815,2488,497,CG,PHE,A,1.698364093279153,0.0,335
816,1772,452,NE,ARG,A,1.8580292400172265,0.0,335
817,2149,473,CE2,TYR,A,2.3142962817250123,0.0,335
818,2189,476,CA,GLY,A,1.7731204059864696,0.0,335
819,1883,457,NH2,ARG,A,1.591909444792157,0.0,335
820,2432,493,CG,GLN,A,1.9712710985451616,0.0,335
821,227,350,CG2,VAL,A,1.7143465788066037,0.0,335
822,976,398,OD2,ASP,A,1.8665424566680997,0.0,335
823,2458,495,CA,TYR,A,2.681046166263974,0.0,335
824,2417,492,O,LEU,A,1.294355870996257,0.0,335
825,229,350,O,VAL,A,1.5141667670920664,0.0,335
826,1923,459,CB,SER,A,1.7334217671328631,0.0,335
827,1939,460,O,ASN,A,1.1205974177553164,0.0,335
828,2026,465,OE1,GLU,A,1.340091609257921,0.0,335
829,1737,450,ND2,ASN,A,1.5252166782899217,0.0,335
830,1292,420,OD1,ASP,A,1.3934352661752818,0.0,335
831,1722,449,O,TYR,A,1.3014586166768094,0.0,335
832,2131,472,CD,ILE,A,1.6926569971000789,0.0,335
833,1049,403,NE,ARG,A,1.6714990916972856,0.0,335
834,2098,470,CA,THR,A,2.200094312329185,0.0,335
835,1771,452,CD,ARG,A,2.0017141930417592,0.0,335
836,2297,484,O,GLU,A,1.3072411599016938,0.0,335
837,1775,452,NH2,ARG,A,2.0099207170272755,0.0,335
838,1770,452,CG,ARG,A,1.9286047518021041,0.0,335
839,2232,479,CG,PRO,A,1.8520837640552685,0.0,335
840,1282,419,O,ALA,A,1.32998381204473,0.0,335
841,1702,448,ND2,ASN,A,1.5243990447738143,0.0,335
842,2528,499,O,PRO,A,1.4252656358188085,0.0,335
843,2182,475,O,ALA,A,1.6939037864322586,0.0,335
844,2511,498,NE2,GLN,A,1.8637462116162762,0.0,335
845,1244,417,CB,LYS,A,2.2320102449696555,0.0,335
846,1356,424,N,LYS,A,1.478534090967832,0.0,335
847,1736,450,OD1,ASN,A,1.5891496607971383,0.0,335
848,2449,494,OG,SER,A,2.07013690290111,0.0,335
849,2088,469,CB,SER,A,1.758905089294399,0.0,335
850,2350,488,O,CYS,A,1.9033241968124788,0.0,335
851,1090,406,CG,GLU,A,1.842030099227706,0.0,335
852,2267,482,CA,GLY,A,2.001013954410436,0.0,335
853,2277,483,CG2,VAL,A,1.737254780994383,0.0,335
854,2289,484,N,GLU,A,1.9250215944231206,0.0,335
855,2295,484,OE2,GLU,A,1.668699808868968,0.0,335
856,2508,498,CG,GLN,A,2.1312123666403964,0.0,335
857,2256,481,OD1,ASN,A,1.6248371124172178,0.0,335
858,1290,420,CB,ASP,A,1.8614460328554878,0.0,335
859,2267,482,CA,GLY,A,1.9452397539937423,0.0,335
860,1819,454,NH1,ARG,A,1.9264899312789916,0.0,335
861,2180,475,CB,ALA,A,2.036372622463145,0.0,335
862,1090,406,CG,GLU,A,1.7633122540813533,0.0,335
863,2164,474,CG,GLN,A,1.874728314632704,0.0,335
864,2590,504,O,GLY,A,0.8832818801430756,0.0,335
865,1843,455,O,LEU,A,1.7313293312345124,0.0,335
866,2144,473,CD1,TYR,A,2.389318537267845,0.0,335
867,2078,468,C,ILE,A,2.1492171812624137,0.0,335
868,2295,484,OE2,GLU,A,1.3018847008101244,0.0,335
869,1746,451,N,TYR,A,1.6441213519029745,0.0,335
870,1750,451,CD1,TYR,A,1.9665036653662695,0.0,335
871,1720,449,CE2,TYR,A,2.475533708129194,0.0,335
872,2536,500,N,THR,A,0.7758585656283075,0.0,335
873,2289,484,N,GLU,A,1.907435745408489,0.0,335
874,2336,487,ND2,ASN,A,1.5821640923251334,0.0,335
875,2075,468,CG2,ILE,A,2.0531641876923286,0.0,335
876,2490,497,CE1,PHE,A,2.286770828738244,0.0,335
877,2147,473,OH,TYR,A,2.491647427720337,0.0,335
878,1885,457,O,ARG,A,2.0491699283694165,0.0,335
879,2214,478,O,LYS,A,1.1571154996422954,0.0,335
880,2451,494,O,SER,A,1.330034999238134,0.0,335
881,2060,467,N,ASP,A,1.9182864989780548,0.0,335
882,1150,409,O,GLN,A,1.2685587428801945,0.0,335
883,1841,455,CD2,LEU,A,2.133871933956691,0.0,335
884,2481,496,O,GLY,A,1.613015213006633,0.0,335
885,1053,403,C,ARG,A,1.685204502113666,0.0,335
886,2434,493,OE1,GLN,A,1.8401821277383175,0.0,335
887,2103,470,O,THR,A,1.371457917578012,0.0,335
888,1248,417,NZ,LYS,A,1.926912335388277,0.0,335
889,2267,482,CA,GLY,A,2.0278067245954254,0.0,335
890,2307,485,O,GLY,A,1.4580982225214671,0.0,335
891,1841,455,CD2,LEU,A,2.2845424473246982,0.0,335
892,1885,457,O,ARG,A,2.0634044760025816,0.0,335
893,2599,505,CE1,TYR,A,1.6219191617561284,0.0,335
894,2079,468,O,ILE,A,2.0794755108482255,0.0,335
895,1902,458,CG,LYS,A,2.6244991071443806,0.0,335
896,217,349,O,SER,A,1.7501255311490151,0.0,335
897,1305,421,CE1,TYR,A,2.203240270480284,0.0,335
898,1702,448,ND2,ASN,A,1.8552173205460833,0.0,335
899,1798,453,OH,TYR,A,2.1607376201605604,0.0,335
900,2266,482,N,GLY,A,1.6634145743282975,0.0,335
901,2434,493,OE1,GLN,A,1.5381139016778318,0.0,335
902,1049,403,NE,ARG,A,2.2308536112309274,0.0,335
903,2180,475,CB,ALA,A,2.073771358396105,0.0,335
904,2228,479,N,PRO,A,1.8276184438306033,0.0,335
905,2133,472,O,ILE,A,2.121531788969963,0.0,335
906,2126,472,N,ILE,A,2.069600838444481,0.0,335
907,2525,499,CB,PRO,A,1.7295487347802585,0.0,335
908,1337,423,CB,TYR,A,1.9983996750604767,0.0,335
909,2254,481,CB,ASN,A,1.72467813874829,0.0,335
910,1341,423,CZ,TYR,A,1.7292603944399745,0.0,335
911,2163,474,CB,GLN,A,1.9725793346235296,0.0,335
912,2089,469,OG,SER,A,1.5438803072576182,0.0,335
913,1095,406,O,GLU,A,1.387504498585415,0.0,335
914,2229,479,CD,PRO,A,2.0523013941396755,0.0,335
915,226,350,CG1,VAL,A,2.007232387911908,0.0,335
916,2567,502,O,GLY,A,1.4478877932485714,0.0,335
917,1014,401,N,VAL,A,1.9214837444120705,0.0,335
918,2449,494,OG,SER,A,2.444564655947792,0.0,335
919,2602,505,CD2,TYR,A,1.685038185951517,0.0,335
920,225,350,CB,VAL,A,1.8805998132763833,0.0,335
921,1248,417,NZ,LYS,A,1.6574646093948693,0.0,335
922,2180,475,CB,ALA,A,2.0076575884081853,0.0,335
923,2180,475,CB,ALA,A,2.22387612724957,1.0,335
924,1292,420,OD1,ASP,A,1.9533153630357487,0.0,335
925,2338,487,O,ASN,A,2.091215998056853,0.0,335
926,2279,483,O,VAL,A,1.5676222901537524,0.0,335
927,2295,484,OE2,GLU,A,1.4494610339174743,0.0,335
928,2435,493,NE2,GLN,A,1.7373458470890868,0.0,335
929,1817,454,NE,ARG,A,2.3038601492537083,0.0,335
930,2297,484,O,GLU,A,1.5088751968575393,0.0,335
931,2060,467,N,ASP,A,1.6099185804393947,0.0,335
932,1713,449,CB,TYR,A,2.165860670908134,0.0,335
933,2074,468,CB,ILE,A,2.002265445042332,0.0,335
934,2244,480,CB,CYS,A,1.9203150890798315,0.0,335
935,2276,483,CG1,VAL,A,1.7814684976496697,0.0,335
936,1148,409,NE2,GLN,A,2.1213816666043637,0.0,335
937,2276,483,CG1,VAL,A,2.0410076828353914,0.0,335
938,1307,421,OH,TYR,A,1.4375557388243259,0.0,335
939,2297,484,O,GLU,A,1.2918143446445989,0.0,335
940,2565,502,CA,GLY,A,2.1127535320778943,0.0,335
941,2167,474,NE2,GLN,A,1.997906326616063,0.0,335
942,1030,402,N,ILE,A,0.9140151483452192,0.0,335
943,1037,402,O,ILE,A,1.417536916640269,0.0,335
944,2596,505,CB,TYR,A,2.0029287228476553,0.0,335
945,2317,486,CZ,PHE,A,1.7310075822562863,0.0,335
946,1340,423,CE1,TYR,A,1.6280364989877418,0.0,335
947,1751,451,CE1,TYR,A,1.99263897353604,0.0,335
948,2295,484,OE2,GLU,A,1.5036811866131652,0.0,335
949,2434,493,OE1,GLN,A,1.6424035005037445,0.0,335
950,1737,450,ND2,ASN,A,1.9924456460291269,0.0,335
951,2294,484,OE1,GLU,A,1.4633356873473526,0.0,335
952,2129,472,CG2,ILE,A,2.1785837555633343,0.0,335
953,214,349,CB,SER,A,2.325039124218123,0.0,335
954,1722,449,O,TYR,A,1.3198823153681483,0.0,335
955,1904,458,CE,LYS,A,1.7417399039421242,0.0,335
956,1081,405,C,ASP,A,0.7560700748723863,0.0,335
957,1340,423,CE1,TYR,A,1.9673983649251203,0.0,335
958,2254,481,CB,ASN,A,2.0451788081344473,0.0,335
959,1905,458,NZ,LYS,A,1.9138367519686654,0.0,335
960,2273,483,N,VAL,A,2.063066551009009,0.0,335
961,1838,455,CB,LEU,A,2.355195972352319,0.0,335
962,1339,423,CD1,TYR,A,1.8930983949326015,0.0,335
963,2382,490,CZ,PHE,A,1.8579621872550312,0.0,335
964,1148,409,NE2,GLN,A,1.5096738183789928,0.0,335
965,2247,480,O,CYS,A,2.0637699241787875,0.0,335
966,2164,474,CG,GLN,A,1.770766144842967,0.0,335
967,2296,484,C,GLU,A,2.1827389299766304,0.0,335
968,1775,452,NH2,ARG,A,2.0721604538798064,0.0,335
969,2242,480,N,CYS,A,1.9293837415349375,0.0,335
970,2111,471,N,GLU,A,2.2314362566737973,0.0,335
971,2599,505,CE1,TYR,A,1.7401005262143732,0.0,335
972,2245,480,SG,CYS,A,2.3124933241094388,0.0,335
973,1861,456,CZ,PHE,A,1.8465926702842232,0.0,335
974,1903,458,CD,LYS,A,2.255110878618042,0.0,335
975,1753,451,OH,TYR,A,2.189804583534124,0.0,335
976,1906,458,C,LYS,A,1.8472356630607285,0.0,335
977,250,351,O,TYR,A,1.288623719152197,0.0,335
978,2276,483,CG1,VAL,A,1.9918820165290785,0.0,335
979,2231,479,CB,PRO,A,2.491319953577087,0.0,335
980,1307,421,OH,TYR,A,1.851456381158808,0.0,335
981,1142,409,N,GLN,A,1.9218468874765824,0.0,335
982,1305,421,CE1,TYR,A,1.871752604378561,0.0,335
983,1346,423,O,TYR,A,1.5056496552112721,0.0,335
984,2277,483,CG2,VAL,A,1.7939758485792987,0.0,335
985,1736,450,OD1,ASN,A,2.05634388587328,0.0,335
986,1290,420,CB,ASP,A,2.298988854091779,0.0,335
987,2078,468,C,ILE,A,1.9453008136761099,0.0,335
988,1020,401,O,VAL,A,1.3305414140286074,0.0,335
989,2256,481,OD1,ASN,A,1.7144392906165742,0.0,335
990,2356,489,CA,TYR,A,2.2066308236726258,0.0,335
991,1715,449,CD1,TYR,A,1.8456252599509766,0.0,335
992,264,352,O,ALA,A,1.785727580568683,0.0,335
993,2357,489,CB,TYR,A,2.2067228360189866,1.0,335
994,1295,420,O,ASP,A,1.2834556548097966,0.0,335
995,1044,403,N,ARG,A,1.5945883627409159,0.0,335
996,2541,500,C,THR,A,0.691403404027497,0.0,335
997,1863,456,CE2,PHE,A,2.1213145738542556,0.0,335
998,2336,487,ND2,ASN,A,1.8678615512763368,0.0,335
999,2234,479,O,PRO,A,2.163886502165756,0.0,335
1000,2623,506,O,GLN,A,1.4138707154939618,0.0,335
1001,1718,449,OH,TYR,A,2.2681855887454336,0.0,335
1002,2267,482,CA,GLY,A,1.7016579409691601,0.0,335
1003,2231,479,CB,PRO,A,1.7366062191057765,0.0,335
1004,2345,488,N,CYS,A,1.6630726404191956,1.0,335
1005,1718,449,OH,TYR,A,1.449038285243365,0.0,335
1006,1341,423,CZ,TYR,A,1.6829108780098592,0.0,335
1007,1798,453,OH,TYR,A,1.5759291862844946,0.0,335
1008,2359,489,CD1,TYR,A,1.7137668907232781,1.0,335
1009,2259,481,O,ASN,A,1.6855295506705903,0.0,335
1010,1857,456,CB,PHE,A,2.313988201935368,1.0,335
1011,2601,505,OH,TYR,A,1.9415190397616728,0.0,335
1012,1145,409,CG,GLN,A,2.190767375579832,0.0,335
1013,278,353,CE3,TRP,A,2.2695935377657266,0.0,335
1014,2319,486,CE2,PHE,A,1.823670585513396,0.0,335
1015,1248,417,NZ,LYS,A,1.758404827090363,0.0,335
1016,2117,471,OE2,GLU,A,1.2974048914398801,0.0,335
1017,2318,486,CD2,PHE,A,1.8737659743668553,0.0,335
1018,2602,505,CD2,TYR,A,2.347774666253767,0.0,335
1019,2464,495,OH,TYR,A,2.1845300998544555,0.0,335
1020,2386,490,O,PHE,A,1.7093698772227133,0.0,335
1021,2295,484,OE2,GLU,A,1.9275002535108385,0.0,335
1022,1248,417,NZ,LYS,A,1.7397267555069127,0.0,335
1023,2319,486,CE2,PHE,A,1.8300148257392828,0.0,335
1024,1880,457,NE,ARG,A,1.8997622401144572,0.0,335
1025,1905,458,NZ,LYS,A,2.011550371205429,0.0,335
1026,1093,406,OE2,GLU,A,1.3959356970344365,0.0,335
1027,2027,465,OE2,GLU,A,1.359521985018592,0.0,335
1028,192,347,O,PHE,A,1.9585662407419198,0.0,335
1029,2169,474,O,GLN,A,1.7536838701673862,0.0,335
1030,2151,473,O,TYR,A,2.0410123120153623,0.0,335
1031,2277,483,CG2,VAL,A,1.9775027760659756,0.0,335
1032,1736,450,OD1,ASN,A,1.5779808420292443,0.0,335
1033,1031,402,CA,ILE,A,1.6763375098085749,0.0,335
1034,1344,423,CE2,TYR,A,1.98022109437802,0.0,335
1035,1777,452,O,ARG,A,2.3918570348427326,0.0,335
1036,262,352,CB,ALA,A,1.759290447465058,0.0,335
1037,2195,477,N,SER,A,1.1290549722267818,0.0,335
1038,2491,497,CZ,PHE,A,2.064666102146274,0.0,335
1039,1734,450,CB,ASN,A,1.7791532393100058,0.0,335
1040,2378,490,CB,PHE,A,2.1662983333209844,0.0,335
1041,1247,417,CE,LYS,A,2.052276853274486,0.0,335
1042,1014,401,N,VAL,A,1.4790739667547,0.0,335
1043,1907,458,O,LYS,A,1.5873364866290445,0.0,335
1044,2449,494,OG,SER,A,1.3999694808957976,0.0,335
1045,1711,449,N,TYR,A,2.000890453981274,0.0,335
1046,1721,449,C,TYR,A,1.8281727250225366,0.0,335
1047,2296,484,C,GLU,A,2.031471002779495,0.0,335
1048,1771,452,CD,ARG,A,1.9442416482249014,0.0,335
1049,2333,487,CB,ASN,A,2.264746240702992,0.0,335
1050,1018,401,CG2,VAL,A,1.81504206658318,0.0,335
1051,2191,476,O,GLY,A,2.2294375369511736,0.0,335
1052,1739,450,O,ASN,A,1.9318144216237947,0.0,335
1053,2321,486,O,PHE,A,1.5185621666631575,0.0,335
1054,2380,490,CD1,PHE,A,2.035077836798814,0.0,335
1055,1843,455,O,LEU,A,1.707795235451492,0.0,335
1056,2101,470,CG2,THR,A,2.2337056174368803,0.0,335
1057,2088,469,CB,SER,A,1.9991622319440032,0.0,335
1058,1248,417,NZ,LYS,A,2.233228365776529,0.0,335
1059,1148,409,NE2,GLN,A,2.27143688490576,0.0,335
1060,2164,474,CG,GLN,A,1.8179041106066667,0.0,335
1061,1295,420,O,ASP,A,2.2180303476600653,0.0,335
1062,2417,492,O,LEU,A,2.061067777477366,0.0,335
1063,2234,479,O,PRO,A,1.4836265365437349,0.0,335
1064,1245,417,CG,LYS,A,2.073530259575971,0.0,335
1065,2333,487,CB,ASN,A,2.123330139615448,0.0,335
1066,1798,453,OH,TYR,A,1.8548460492088148,0.0,335
1067,2336,487,ND2,ASN,A,2.0304559646697276,0.0,335
1068,2164,474,CG,GLN,A,2.284906914768967,0.0,335
1069,2402,491,O,PRO,A,2.2317182066185417,0.0,335
1070,1018,401,CG2,VAL,A,2.0215830189046655,0.0,335
1071,2027,465,OE2,GLU,A,1.5972139136841255,0.0,335
1072,1753,451,OH,TYR,A,1.5476713199552838,0.0,335
1073,2133,472,O,ILE,A,2.232423160377928,0.0,335
1074,2126,472,N,ILE,A,2.053266807722328,0.0,335
1075,1922,459,CA,SER,A,2.0530321440987396,0.0,335
1076,1346,423,O,TYR,A,1.4970389362342158,0.0,335
1077,2267,482,CA,GLY,A,1.8743625047560533,0.0,335
1078,2493,497,CE2,PHE,A,2.304800321536733,0.0,335
1079,2564,502,N,GLY,A,1.7488852316831334,0.0,335
1080,1702,448,ND2,ASN,A,2.390628019904735,0.0,335
1081,2432,493,CG,GLN,A,2.1625513543962773,0.0,335
1082,2163,474,CB,GLN,A,2.053133788633298,0.0,335
1083,1003,400,C,PHE,A,1.3043860974251458,0.0,335
1084,1295,420,O,ASP,A,1.5781750457780863,0.0,335
1085,1093,406,OE2,GLU,A,1.560497195396195,0.0,335
1086,2182,475,O,ALA,A,1.2759389322784365,0.0,335
1087,2073,468,CA,ILE,A,2.0200214450742022,0.0,335
1088,2317,486,CZ,PHE,A,1.9407297116467428,0.0,335
1089,2161,474,N,GLN,A,1.820306916692191,0.0,335
1090,1142,409,N,GLN,A,1.6369080116727341,0.0,335
1091,1859,456,CD1,PHE,A,1.6110721270393094,0.0,335
1092,1346,423,O,TYR,A,2.2998337679512635,0.0,335
1093,1753,451,OH,TYR,A,1.3106705638645069,0.0,335
1094,2091,469,O,SER,A,1.3158077582273915,0.0,335
1095,2075,468,CG2,ILE,A,1.7247780666802577,0.0,335
1096,2117,471,OE2,GLU,A,2.049811121411103,0.0,335
1097,1737,450,ND2,ASN,A,1.8848219944812779,0.0,335
1098,2348,488,SG,CYS,A,2.430192977462453,0.0,335
1099,2510,498,OE1,GLN,A,1.8826826437864945,0.0,335
1100,206,348,O,ALA,A,0.5501158881075157,0.0,335
1101,1236,416,CA,GLY,A,1.6496904248683648,0.0,335
1102,2417,492,O,LEU,A,1.7407574604669613,0.0,335
1103,2142,473,CB,TYR,A,1.9833230407015097,0.0,335
1104,1030,402,N,ILE,A,1.1625550172132721,0.0,335
1105,1901,458,CB,LYS,A,1.9948194304000018,0.0,335
1106,2511,498,NE2,GLN,A,1.6615681608553152,0.0,335
1107,1307,421,OH,TYR,A,1.661415720472616,0.0,335
1108,2151,473,O,TYR,A,1.9370877542590172,0.0,335
1109,1699,448,CB,ASN,A,1.9783802077264143,0.0,335
1110,2566,502,C,GLY,A,1.922488836140938,0.0,335
1111,1863,456,CE2,PHE,A,1.7901488872250522,0.0,335
1112,2307,485,O,GLY,A,2.3859118535082477,0.0,335
1113,1798,453,OH,TYR,A,1.5866811614138205,0.0,335
1114,2060,467,N,ASP,A,1.6174020716425241,0.0,335
1115,2133,472,O,ILE,A,2.469757526159644,0.0,335
1116,246,351,OH,TYR,A,1.2820357896342407,0.0,335
1117,2359,489,CD1,TYR,A,1.9098213358660205,1.0,335
1118,2481,496,O,GLY,A,1.775543734028814,0.0,335
1119,2147,473,OH,TYR,A,2.477524097385479,0.0,335
1120,2269,482,O,GLY,A,1.7767810405423747,0.0,335
1121,2331,487,N,ASN,A,2.0013179541013484,0.0,335
1122,2229,479,CD,PRO,A,1.980868324547876,0.0,335
1123,2599,505,CE1,TYR,A,1.8939126955004488,0.0,335
1124,1282,419,O,ALA,A,1.9275298859920875,0.0,335
1125,2065,467,OD2,ASP,A,1.760014606863049,0.0,335
1126,2077,468,CD,ILE,A,1.6426635051546667,0.0,335
1127,2335,487,OD1,ASN,A,2.0314306064624588,1.0,335
1128,2491,497,CZ,PHE,A,2.2708700370610586,0.0,335
1129,1697,448,N,ASN,A,1.6680319266257102,0.0,335
1130,2064,467,OD1,ASP,A,1.3412184962262648,0.0,335
1131,1885,457,O,ARG,A,1.605463372082109,0.0,335
1132,2316,486,CE1,PHE,A,1.7111210009420477,0.0,335
1133,1739,450,O,ASN,A,1.4811174058125383,0.0,335
1134,2076,468,CG1,ILE,A,1.665449822825334,0.0,335
1135,1143,409,CA,GLN,A,1.9504909921704112,0.0,335
1136,2148,473,CD2,TYR,A,1.8997165407143743,0.0,335
1137,1796,453,CE1,TYR,A,2.0914369555323913,0.0,335
1138,2232,479,CG,PRO,A,1.8091363510858383,0.0,335
1139,1921,459,N,SER,A,1.7861305618521826,0.0,335
1140,1716,449,CE1,TYR,A,1.8705399079069374,0.0,335
1141,2599,505,CE1,TYR,A,1.8348747886347452,0.0,335
1142,2294,484,OE1,GLU,A,1.4442137233558205,0.0,335
1143,2045,466,C,ARG,A,0.760001932028015,0.0,335
1144,1339,423,CD1,TYR,A,1.6884031909615531,0.0,335
1145,2360,489,CE1,TYR,A,1.917321285303517,0.0,335
1146,1328,422,O,ASN,A,1.302187509804716,0.0,335
1147,1901,458,CB,LYS,A,2.0313298547498504,0.0,335
1148,1753,451,OH,TYR,A,1.7250864552657015,0.0,335
1149,2523,499,CD,PRO,A,1.9836994765143963,0.0,335
1150,1882,457,NH1,ARG,A,2.0106845742968518,0.0,335
1151,2555,501,ND2,ASN,A,2.277221963103293,0.0,335
1152,2257,481,ND2,ASN,A,1.5197294964785282,0.0,335
1153,2189,476,CA,GLY,A,2.046092997289556,0.0,335
1154,1295,420,O,ASP,A,1.2913500285520236,0.0,335
1155,2589,504,C,GLY,A,0.6143085485929666,0.0,335
1156,2169,474,O,GLN,A,1.2830888631202046,0.0,335
1157,2180,475,CB,ALA,A,1.6966049440361208,1.0,335
1158,2255,481,CG,ASN,A,1.8399922458785942,0.0,335
1159,2557,501,O,ASN,A,1.3599538156753903,0.0,335
1160,2528,499,O,PRO,A,1.2652320055032438,0.0,335
1161,2363,489,CD2,TYR,A,1.7237474985693377,0.0,335
1162,2229,479,CD,PRO,A,1.7484950022811412,0.0,335
1163,1342,423,OH,TYR,A,1.2956456276603339,0.0,335
1164,2432,493,CG,GLN,A,2.170207730139141,0.0,335
1165,2275,483,CB,VAL,A,1.9094801152393013,0.0,335
1166,1309,421,CE2,TYR,A,1.9141362708579792,0.0,335
1167,1718,449,OH,TYR,A,1.4478236652789516,0.0,335
1168,2488,497,CG,PHE,A,1.8066484335957453,0.0,335
1169,2318,486,CD2,PHE,A,1.9200796929103472,0.0,335
1170,1885,457,O,ARG,A,1.3746056355016,0.0,335
1171,1015,401,CA,VAL,A,1.8285603087626285,0.0,335
1172,2541,500,C,THR,A,1.554733312273259,0.0,335
1173,1242,417,N,LYS,A,1.9316756808994147,0.0,335
1174,2615,506,N,GLN,A,1.3479471642600491,0.0,335
1175,1773,452,CZ,ARG,A,2.2979260181907852,0.0,335
1176,2116,471,OE1,GLU,A,1.3058747186429982,0.0,335
1177,1720,449,CE2,TYR,A,1.7402284461014144,0.0,335
1178,264,352,O,ALA,A,1.3597140790873454,0.0,335
1179,1328,422,O,ASN,A,1.6100949963804905,0.0,335
1180,1226,415,C,THR,A,1.1859423342222135,0.0,335
1181,1049,403,NE,ARG,A,2.3580505364891784,0.0,335
1182,1293,420,OD2,ASP,A,1.562199072865963,0.0,335
1183,2481,496,O,GLY,A,1.9791410402036582,0.0,335
1184,2062,467,CB,ASP,A,1.9443024375861515,0.0,335
1185,2555,501,ND2,ASN,A,2.244861422235956,0.0,335
1186,2089,469,OG,SER,A,1.8128642277894995,0.0,335
1187,2091,469,O,SER,A,1.291060834162474,0.0,335
1188,1629,442,O,ASP,A,1.728905526306584,0.0,335
1189,2601,505,OH,TYR,A,1.54464809886976,0.0,335
1190,1717,449,CZ,TYR,A,1.7192202271752972,0.0,335
1191,2086,469,N,SER,A,1.79190760752438,0.0,335
1192,2295,484,OE2,GLU,A,1.2838876154113374,0.0,335
1193,2289,484,N,GLU,A,1.9509684038073942,0.0,335
1194,206,348,O,ALA,A,0.9693095718799558,0.0,335
1195,1841,455,CD2,LEU,A,2.27885386735924,0.0,335
1196,1248,417,NZ,LYS,A,2.1206978374914596,0.0,335
1197,1242,417,N,LYS,A,1.930797937752492,0.0,335
1198,1922,459,CA,SER,A,1.9963910963076406,0.0,335
1199,2229,479,CD,PRO,A,1.9436774191025885,0.0,335
1200,2253,481,CA,ASN,A,1.8793967848741095,0.0,335
1201,1049,403,NE,ARG,A,2.0744891464236623,0.0,335
1202,2536,500,N,THR,A,1.0724700734087245,0.0,335
1203,2131,472,CD,ILE,A,1.722746190775551,0.0,335
1204,2451,494,O,SER,A,1.6251000570658702,0.0,335
1205,2511,498,NE2,GLN,A,1.792694977669101,0.0,335
1206,2565,502,CA,GLY,A,1.824117231385211,0.0,335
1207,2350,488,O,CYS,A,2.0235975348993587,1.0,335
1208,1292,420,OD1,ASP,A,1.2854486335689312,0.0,335
1209,2605,505,O,TYR,A,1.7615100886052701,0.0,335
1210,1926,459,O,SER,A,1.6470945502741177,0.0,335
1211,2492,497,CD2,PHE,A,2.159806966816671,0.0,335
1212,229,350,O,VAL,A,1.4916629488381279,0.0,335
1213,2079,468,O,ILE,A,2.03632497822356,0.0,335
1214,1861,456,CZ,PHE,A,1.7478747115715885,0.0,335
1215,1775,452,NH2,ARG,A,1.6326454767026366,0.0,335
1216,2448,494,CB,SER,A,1.7916428126294848,0.0,335
1217,2623,506,O,GLN,A,1.908571291423784,0.0,335
1218,2257,481,ND2,ASN,A,1.9324995123182633,0.0,335
1219,2232,479,CG,PRO,A,1.9762966177831718,0.0,335
1220,1003,400,C,PHE,A,0.5941827661680912,0.0,335
1221,1697,448,N,ASN,A,1.6799574487216737,0.0,335
1222,1720,449,CE2,TYR,A,1.868976349058776,0.0,335
1223,1861,456,CZ,PHE,A,1.9161452076996512,0.0,335
1224,2601,505,OH,TYR,A,1.2657993520084934,0.0,335
1225,1841,455,CD2,LEU,A,1.7121191355069214,0.0,335
1226,2307,485,O,GLY,A,1.9635666751522416,0.0,335
1227,262,352,CB,ALA,A,1.8247942087268971,0.0,335
1228,2335,487,OD1,ASN,A,1.9865795645450328,1.0,335
1229,2077,468,CD,ILE,A,1.65338215117363,0.0,335
1230,2257,481,ND2,ASN,A,2.01875353634173,0.0,335
1231,1227,415,O,THR,A,0.5107071951655545,0.0,335
1232,2100,470,OG1,THR,A,1.8600743693257573,0.0,335
1233,2273,483,N,VAL,A,2.058250718675073,0.0,335
1234,2601,505,OH,TYR,A,1.4531378051981239,0.0,335
1235,2526,499,CG,PRO,A,1.8336055819487265,0.0,335
1236,1148,409,NE2,GLN,A,1.6256909171621392,0.0,335
1237,1054,403,O,ARG,A,1.559630734999237,0.0,335
1238,2229,479,CD,PRO,A,1.69095956755709,0.0,335
1239,2350,488,O,CYS,A,2.2746685700430107,0.0,335
1240,2231,479,CB,PRO,A,1.9475448669869702,0.0,335
1241,1304,421,CD1,TYR,A,2.520119762170854,0.0,335
1242,2274,483,CA,VAL,A,2.14722768792291,0.0,335
1243,2362,489,OH,TYR,A,2.5142316983336266,0.0,335
1244,1715,449,CD1,TYR,A,1.9612925114251911,0.0,335
1245,2435,493,NE2,GLN,A,1.8468589949594463,0.0,335
1246,1235,416,N,GLY,A,1.458847352995509,0.0,335
1247,1904,458,CE,LYS,A,1.853256701873784,0.0,335
1248,2555,501,ND2,ASN,A,1.9613414640697924,0.0,335
1249,1932,460,N,ASN,A,0.7418604949485377,0.0,335
1250,1019,401,C,VAL,A,1.6316741625276354,0.0,335
1251,2316,486,CE1,PHE,A,1.8866913571867352,0.0,335
1252,2292,484,CG,GLU,A,1.977281652030214,0.0,335
1253,2321,486,O,PHE,A,1.9895116294534192,0.0,335
1254,1051,403,NH1,ARG,A,1.7838924157684846,0.0,335
1255,2297,484,O,GLU,A,1.4888191293008362,0.0,335
1256,2166,474,OE1,GLN,A,2.4966289072524717,0.0,335
1257,1737,450,ND2,ASN,A,1.5512205487280009,0.0,335
1258,1739,450,O,ASN,A,1.4722585479672199,0.0,335
1259,2361,489,CZ,TYR,A,1.6861688982271987,1.0,335
1260,192,347,O,PHE,A,1.4048117403746403,0.0,335
1261,2167,474,NE2,GLN,A,2.2737394815318575,0.0,335
1262,1149,409,C,GLN,A,1.6480791637869558,0.0,335
1263,1774,452,NH1,ARG,A,1.7622697247735284,0.0,335
1264,2589,504,C,GLY,A,1.6612736412341167,0.0,335
1265,976,398,OD2,ASP,A,0.8830622056085423,0.0,335
1266,2510,498,OE1,GLN,A,2.1325323110038146,0.0,335
1267,2247,480,O,CYS,A,1.81185796264329,0.0,335
1268,1926,459,O,SER,A,2.077005258316476,0.0,335
1269,1800,453,CE2,TYR,A,2.3977219676124806,0.0,335
1270,2234,479,O,PRO,A,1.2695907496382488,0.0,335
1271,1841,455,CD2,LEU,A,1.661470927204754,0.0,335
1272,2075,468,CG2,ILE,A,1.6812540808468182,0.0,335
1273,2066,467,C,ASP,A,1.700931607555182,0.0,335
1274,1863,456,CE2,PHE,A,1.7332758536307282,0.0,335
1275,2025,465,CD,GLU,A,1.3952592042599787,0.0,335
1276,2417,492,O,LEU,A,1.3688457170050403,0.0,335
1277,1774,452,NH1,ARG,A,1.587192348098023,0.0,335
1278,2131,472,CD,ILE,A,1.5950992700254736,0.0,335
1279,2294,484,OE1,GLU,A,1.2331220876664375,0.0,335
1280,2231,479,CB,PRO,A,1.8012464070941776,0.0,335
1281,2290,484,CA,GLU,A,1.9570257705887697,0.0,335
1282,2180,475,CB,ALA,A,1.7990092359532326,0.0,335
1283,2277,483,CG2,VAL,A,2.087619460904422,0.0,335
1284,1143,409,CA,GLN,A,1.9258488624425172,0.0,335
1285,1755,451,CE2,TYR,A,2.3689618784593534,0.0,335
1286,2524,499,CA,PRO,A,2.0004784756541727,0.0,335
1287,1341,423,CZ,TYR,A,1.7477983159079775,0.0,335
1288,2091,469,O,SER,A,2.480576468833069,0.0,335
1289,2435,493,NE2,GLN,A,1.873029301320507,0.0,335
1290,2232,479,CG,PRO,A,1.827867617030416,0.0,335
1291,2487,497,CB,PHE,A,2.1518410444747995,0.0,335
1292,1907,458,O,LYS,A,1.2339781578459115,0.0,335
1293,2307,485,O,GLY,A,1.499460311453495,0.0,335
1294,2191,476,O,GLY,A,1.2502176904552853,0.0,335
1295,1343,423,CD2,TYR,A,1.9140708909925368,0.0,335
1296,2267,482,CA,GLY,A,1.7778739630289253,0.0,335
1297,1692,447,C,GLY,A,1.4017065179608454,0.0,335
1298,1862,456,CD2,PHE,A,2.5720381940597163,0.0,335
1299,1904,458,CE,LYS,A,2.112425941851287,0.0,335
1300,2180,475,CB,ALA,A,1.6748328061694642,0.0,335
1301,2346,488,CA,CYS,A,1.9616482854250743,0.0,335
1302,2277,483,CG2,VAL,A,1.878100846946234,0.0,335
1303,1146,409,CD,GLN,A,1.6968756005229373,0.0,335
1304,2526,499,CG,PRO,A,1.9560685710786592,0.0,335
1305,1747,451,CA,TYR,A,1.8810076483979368,0.0,335
1306,2378,490,CB,PHE,A,2.4134840504336186,0.0,335
1307,225,350,CB,VAL,A,1.811210983581228,0.0,335
1308,2178,475,N,ALA,A,1.5884306303224867,0.0,335
1309,1014,401,N,VAL,A,1.7907129307821497,0.0,335
1310,1880,457,NE,ARG,A,1.7768069906782125,0.0,335
1311,1774,452,NH1,ARG,A,1.6663309761675105,0.0,335
1312,1882,457,NH1,ARG,A,1.651020774658561,0.0,335
1313,2229,479,CD,PRO,A,1.9334038941965195,0.0,335
1314,1882,457,NH1,ARG,A,1.5393723780224042,0.0,335
1315,1775,452,NH2,ARG,A,2.0039210364603863,0.0,335
1316,2511,498,NE2,GLN,A,1.6682931224162962,0.0,335
1317,227,350,CG2,VAL,A,1.847313060908625,0.0,335
1318,2088,469,CB,SER,A,1.7465257659107847,0.0,335
1319,1148,409,NE2,GLN,A,1.7476253758823603,0.0,335
1320,2257,481,ND2,ASN,A,1.7813096703970785,0.0,335
1321,2315,486,CD1,PHE,A,1.8387517645954765,0.0,335
1322,1719,449,CD2,TYR,A,2.5078861828786927,0.0,335
1323,1338,423,CG,TYR,A,1.9845375058907306,0.0,335
1324,1881,457,CZ,ARG,A,1.8246310981893146,0.0,335
1325,2333,487,CB,ASN,A,2.2552494928942495,0.0,335
1326,2605,505,O,TYR,A,2.1385386110261138,0.0,335
1327,2386,490,O,PHE,A,1.5152582936136993,0.0,335
1328,2523,499,CD,PRO,A,1.8625065094606423,0.0,335
1329,1235,416,N,GLY,A,1.711863046614721,0.0,335
1330,2657,508,O,TYR,A,1.3294422846363139,0.0,335
1331,1282,419,O,ALA,A,2.063895787325949,0.0,335
1332,2333,487,CB,ASN,A,1.818971076061734,0.0,335
1333,2064,467,OD1,ASP,A,1.9883821949260467,0.0,335
1334,2266,482,N,GLY,A,1.7862729574212666,0.0,335
1335,2072,468,N,ILE,A,1.604248657337858,0.0,335
1336,2229,479,CD,PRO,A,1.7926485599480941,0.0,335
1337,1248,417,NZ,LYS,A,1.8657424812092955,0.0,335
1338,2447,494,CA,SER,A,2.114533848487626,0.0,335
1339,2437,493,O,GLN,A,2.0059080115431893,0.0,335
1340,1905,458,NZ,LYS,A,1.6180840798935276,0.0,335
1341,1304,421,CD1,TYR,A,1.8467740936122365,0.0,335
1342,2230,479,CA,PRO,A,2.0677429676856214,0.0,335
1343,2478,496,N,GLY,A,1.630233338772601,0.0,335
1344,2129,472,CG2,ILE,A,1.6463237779991469,0.0,335
1345,1247,417,CE,LYS,A,1.930122600271248,0.0,335
1346,1144,409,CB,GLN,A,2.2257955484854106,0.0,335
1347,1052,403,NH2,ARG,A,1.839869319609797,0.0,335
1348,1691,447,CA,GLY,A,1.9804681398113546,0.0,335
1349,2495,497,O,PHE,A,1.4891296705220363,0.0,335
1350,2509,498,CD,GLN,A,2.297031363749473,0.0,335
1351,2603,505,CE2,TYR,A,1.9902393166766104,0.0,335
1352,2398,491,CA,PRO,A,2.125550724296816,0.0,335
1353,2150,473,C,TYR,A,1.9445542124545558,0.0,335
1354,2311,486,N,PHE,A,1.7426383474263818,0.0,335
1355,2381,490,CE1,PHE,A,2.0705949175554847,0.0,335
1356,2523,499,CD,PRO,A,1.8082102493402568,0.0,335
1357,2311,486,N,PHE,A,1.8653748304250732,0.0,335
1358,1753,451,OH,TYR,A,1.8882188591233324,0.0,335
1359,2596,505,CB,TYR,A,2.4348034075309184,0.0,335
1360,2064,467,OD1,ASP,A,1.4959531801153276,0.0,335
1361,2129,472,CG2,ILE,A,2.2572043346973185,0.0,335
1362,2182,475,O,ALA,A,1.6158648191486058,0.0,335
1363,1863,456,CE2,PHE,A,1.8465866609228472,1.0,335
1364,246,351,OH,TYR,A,2.0399118993958045,0.0,335
1365,1772,452,NE,ARG,A,1.752567298602243,0.0,335
1366,2062,467,CB,ASP,A,1.803863959040068,0.0,335
1367,2362,489,OH,TYR,A,1.9817423198531183,0.0,335
1368,1722,449,O,TYR,A,1.9057373414924415,0.0,335
1369,223,350,N,VAL,A,1.5910822662240927,0.0,335
1370,1248,417,NZ,LYS,A,1.5977960595135918,0.0,335
1371,1295,420,O,ASP,A,1.7882277416775676,0.0,335
1372,2291,484,CB,GLU,A,1.897499697519616,0.0,335
1373,1901,458,CB,LYS,A,1.9327648069621293,0.0,335
1374,1341,423,CZ,TYR,A,1.8494210633603079,0.0,335
1375,1774,452,NH1,ARG,A,2.0493680002039447,0.0,335
1376,2306,485,C,GLY,A,1.716955509610838,0.0,335
1377,2317,486,CZ,PHE,A,1.852175753885553,0.0,335
1378,2243,480,CA,CYS,A,2.11983616082103,0.0,335
1379,1343,423,CD2,TYR,A,1.7473075619386031,0.0,335
1380,1321,422,N,ASN,A,1.5430309710012544,0.0,335
1381,2386,490,O,PHE,A,1.9414368208383392,0.0,335
1382,1923,459,CB,SER,A,1.903462319528032,0.0,335
1383,1735,450,CG,ASN,A,1.8392776732073586,0.0,335
1384,2621,506,NE2,GLN,A,1.761327934053161,0.0,335
1385,2363,489,CD2,TYR,A,1.9964657240804091,0.0,335
1386,2508,498,CG,GLN,A,1.7286716020247217,0.0,335
1387,2431,493,CB,GLN,A,2.357352291041288,0.0,335
1388,2523,499,CD,PRO,A,1.8272055231100932,0.0,335
1389,2378,490,CB,PHE,A,1.9007536322028638,0.0,335
1390,2599,505,CE1,TYR,A,2.3506005963917778,0.0,335
1391,2449,494,OG,SER,A,1.9129343433604682,0.0,335
1392,1150,409,O,GLN,A,2.0931622365235394,0.0,335
1393,1753,451,OH,TYR,A,2.080118072286631,0.0,335
1394,214,349,CB,SER,A,1.7794445470727094,0.0,335
1395,2089,469,OG,SER,A,1.5296159899290167,0.0,335
1396,2115,471,CD,GLU,A,1.8975337865063753,0.0,335
1397,2181,475,C,ALA,A,2.1418079071922684,0.0,335
1398,2527,499,C,PRO,A,1.7358288222299125,0.0,335
1399,2511,498,NE2,GLN,A,1.7866121911600685,1.0,335
1400,1090,406,CG,GLU,A,2.2045544938969015,0.0,335
1401,2131,472,CD,ILE,A,2.35214175100921,0.0,335
1402,1769,452,CB,ARG,A,2.0270081404440914,0.0,335
1403,1282,419,O,ALA,A,1.5501394225065563,0.0,335
1404,1902,458,CG,LYS,A,1.9478935980114653,0.0,335
1405,1048,403,CD,ARG,A,2.028649980695173,0.0,335
1406,2332,487,CA,ASN,A,2.0320499705577957,1.0,335
1407,261,352,CA,ALA,A,1.8507324969995893,0.0,335
1408,1734,450,CB,ASN,A,1.7784276653476414,0.0,335
1409,2061,467,CA,ASP,A,1.919845548204542,0.0,335
1410,1336,423,CA,TYR,A,2.0366654310674432,0.0,335
1411,1718,449,OH,TYR,A,2.090462740989918,0.0,335
1412,2067,467,O,ASP,A,1.3201354672478631,0.0,335
1413,2487,497,CB,PHE,A,2.1584098305734813,0.0,335
1414,1719,449,CD2,TYR,A,2.4569615686442647,0.0,335
1415,2305,485,CA,GLY,A,1.8446970922345756,0.0,335
1416,2384,490,CE2,PHE,A,2.448683365392402,0.0,335
1417,2086,469,N,SER,A,2.0226261919410344,0.0,335
1418,1879,457,CD,ARG,A,2.00023188206018,0.0,335
1419,1148,409,NE2,GLN,A,2.312800995435843,0.0,335
1420,1037,402,O,ILE,A,0.9520223095052428,0.0,335
1421,1224,415,OG1,THR,A,1.5365645278510007,0.0,335
1422,2253,481,CA,ASN,A,1.95707004749157,0.0,335
1423,1859,456,CD1,PHE,A,1.6576836908852126,0.0,335
1424,1305,421,CE1,TYR,A,2.5681726892172407,0.0,335
1425,1340,423,CE1,TYR,A,1.742341366639141,0.0,335
1426,1280,419,CB,ALA,A,2.0450753636786003,0.0,335
1427,2525,499,CB,PRO,A,1.7871969102710703,0.0,335
1428,1901,458,CB,LYS,A,1.9024553271831042,0.0,335
1429,2605,505,O,TYR,A,1.9566963370190174,0.0,335
1430,1052,403,NH2,ARG,A,2.5153322841389962,0.0,335
1431,2257,481,ND2,ASN,A,2.287624232473286,0.0,335
1432,1800,453,CE2,TYR,A,2.454350897465789,0.0,335
1433,2318,486,CD2,PHE,A,2.1175651311524244,0.0,335
1434,2266,482,N,GLY,A,1.574520925350455,0.0,335
1435,2615,506,N,GLN,A,1.1507954678318104,0.0,335
1436,2292,484,CG,GLU,A,1.9283721375139742,0.0,335
1437,2400,491,CG,PRO,A,2.594092222977527,0.0,335
1438,1328,422,O,ASN,A,1.2800468457859955,0.0,335
1439,1865,456,O,PHE,A,1.7822277506086328,0.0,335
1440,1796,453,CE1,TYR,A,1.8367776890293794,0.0,335
1441,2273,483,N,VAL,A,1.8230240493950323,0.0,335
1442,2304,485,N,GLY,A,1.7503980273182815,0.0,335
1443,1767,452,N,ARG,A,1.8053194606225733,0.0,335
1444,2376,490,N,PHE,A,1.769989615185537,0.0,335
1445,1328,422,O,ASN,A,1.9477105838007638,0.0,335
1446,1902,458,CG,LYS,A,1.9841128591256316,0.0,335
1447,1713,449,CB,TYR,A,1.8814493602747666,0.0,335
1448,2133,472,O,ILE,A,2.406264752437714,0.0,335
1449,2550,501,N,ASN,A,2.336190791289036,0.0,335
1450,2333,487,CB,ASN,A,1.9316508703954942,1.0,335
1451,1775,452,NH2,ARG,A,2.0013308990223226,0.0,335
1452,1159,410,N,ILE,A,0.4914419012657963,0.0,335
1453,2400,491,CG,PRO,A,1.7984924669836866,0.0,335
1454,2145,473,CE1,TYR,A,2.025186135515948,0.0,335
1455,1773,452,CZ,ARG,A,1.7412079093997004,0.0,335
1456,1861,456,CZ,PHE,A,1.7599368538704423,0.0,335
1457,1713,449,CB,TYR,A,2.0603735903598297,0.0,335
1458,1820,454,NH2,ARG,A,1.6154711780560729,0.0,335
1459,264,352,O,ALA,A,1.3109861375256535,0.0,335
1460,1905,458,NZ,LYS,A,1.6533145251270898,0.0,335
1461,2316,486,CE1,PHE,A,1.9617170453832273,0.0,335
1462,1236,416,CA,GLY,A,2.1065510478903593,0.0,335
1463,1295,420,O,ASP,A,1.6826627533446845,0.0,335
1464,1861,456,CZ,PHE,A,1.7933048702529053,0.0,335
1465,1901,458,CB,LYS,A,2.476649962405854,0.0,335
1466,1102,407,N,VAL,A,1.095577605733774,0.0,335
1467,2180,475,CB,ALA,A,1.7535218739358818,0.0,335
1468,2357,489,CB,TYR,A,1.968361048360247,1.0,335
1469,1750,451,CD1,TYR,A,2.117336411218554,0.0,335
1470,1769,452,CB,ARG,A,1.9603396814059613,0.0,335
1471,2567,502,O,GLY,A,1.3557203499973063,0.0,335
1472,1295,420,O,ASP,A,1.368763788135099,0.0,335
1473,1770,452,CG,ARG,A,2.143236393954167,0.0,335
1474,2594,505,N,TYR,A,1.482989464160876,0.0,335
1475,2600,505,CZ,TYR,A,1.7992204846697308,1.0,335
1476,1306,421,CZ,TYR,A,2.12516789875962,1.0,335
1477,1267,418,CG2,ILE,A,1.8897523290676608,0.0,335
1478,2603,505,CE2,TYR,A,1.7107136813156159,0.0,335
1479,212,349,N,SER,A,1.8252072925554534,0.0,335
1480,2605,505,O,TYR,A,1.369594842063245,0.0,335
1481,2256,481,OD1,ASN,A,1.6185820065982386,0.0,335
1482,1771,452,CD,ARG,A,1.8461217163928654,0.0,335
1483,2316,486,CE1,PHE,A,1.8260251161876713,0.0,335
1484,217,349,O,SER,A,1.5638689909063985,0.0,335
1485,1774,452,NH1,ARG,A,1.4893425911027454,0.0,335
1486,2279,483,O,VAL,A,1.6748028856989818,0.0,335
1487,2434,493,OE1,GLN,A,2.0690599436027703,0.0,335
1488,2254,481,CB,ASN,A,2.0439475939227965,0.0,335
1489,1862,456,CD2,PHE,A,2.0228219599253006,0.0,335
1490,1090,406,CG,GLU,A,2.46711161867193,0.0,335
1491,2336,487,ND2,ASN,A,2.1535045706165765,1.0,335
1492,205,348,C,ALA,A,0.4686690303281532,0.0,335
1493,1068,404,N,GLY,A,1.6514178756530593,0.0,335
1494,2269,482,O,GLY,A,1.7067975355807987,0.0,335
1495,1293,420,OD2,ASP,A,1.4360759891459185,0.0,335
1496,2378,490,CB,PHE,A,1.8669589270753617,0.0,335
1497,2321,486,O,PHE,A,2.1079025691114075,0.0,335
1498,1344,423,CE2,TYR,A,1.6969123345162338,0.0,335
1499,2359,489,CD1,TYR,A,2.0803178242540947,0.0,335
1500,2253,481,CA,ASN,A,1.9536537786166042,0.0,335
1501,2554,501,OD1,ASN,A,1.317958478625777,0.0,335
1502,1147,409,OE1,GLN,A,2.1475298368207203,0.0,335
1503,1245,417,CG,LYS,A,2.24938761986809,0.0,335
1504,2112,471,CA,GLU,A,1.889491359253858,0.0,335
1505,2381,490,CE1,PHE,A,2.6646410656588864,0.0,335
1506,2292,484,CG,GLU,A,2.058204452203217,0.0,335
1507,1838,455,CB,LEU,A,2.029206760094342,0.0,335
1508,2245,480,SG,CYS,A,1.8528768815320602,0.0,335
1509,2133,472,O,ILE,A,1.911293808770426,0.0,335
1510,2410,492,N,LEU,A,1.8822331556376097,0.0,335
1511,1880,457,NE,ARG,A,1.5007152996807251,0.0,335
1512,2119,471,O,GLU,A,2.5138325762103397,0.0,335
1513,2313,486,CB,PHE,A,1.9710160479437306,0.0,335
1514,2252,481,N,ASN,A,1.6914464386002142,0.0,335
1515,1093,406,OE2,GLU,A,1.8890516231446972,0.0,335
1516,1337,423,CB,TYR,A,2.705163614730288,0.0,335
1517,2359,489,CD1,TYR,A,1.852837016180753,0.0,335
1518,214,349,CB,SER,A,2.505559761041169,0.0,335
1519,2086,469,N,SER,A,1.8250495289223168,0.0,335
1520,1693,447,O,GLY,A,1.1532161820816578,0.0,335
1521,2191,476,O,GLY,A,1.4326491476019116,0.0,335
1522,276,353,CE2,TRP,A,1.7197161496039792,0.0,335
1523,1048,403,CD,ARG,A,2.5927719133691403,0.0,335
1524,262,352,CB,ALA,A,1.9520371353349506,0.0,335
1525,2615,506,N,GLN,A,2.1330202832930416,0.0,335
1526,2360,489,CE1,TYR,A,1.7068464168473463,0.0,335
1527,2229,479,CD,PRO,A,1.7687186215498523,0.0,335
1528,227,350,CG2,VAL,A,1.9782855711226692,0.0,335
1529,2306,485,C,GLY,A,1.7798479529495355,0.0,335
1530,2116,471,OE1,GLU,A,1.4117454289213642,0.0,335
1531,1342,423,OH,TYR,A,1.76014703855009,0.0,335
1532,2525,499,CB,PRO,A,1.826064911398827,0.0,335
1533,2489,497,CD1,PHE,A,1.9113459264224824,0.0,335
1534,2072,468,N,ILE,A,2.0612783542807374,0.0,335
1535,1052,403,NH2,ARG,A,1.493069204181061,0.0,335
1536,2077,468,CD,ILE,A,1.6677342094802716,0.0,335
1537,2304,485,N,GLY,A,2.437365251547776,0.0,335
1538,2382,490,CZ,PHE,A,2.1839297588452347,0.0,335
1539,192,347,O,PHE,A,1.8481200879806723,0.0,335
1540,1247,417,CE,LYS,A,1.8012667924919838,0.0,335
1541,2318,486,CD2,PHE,A,2.179836398067238,0.0,335
1542,250,351,O,TYR,A,1.646297024529749,0.0,335
1543,2602,505,CD2,TYR,A,2.150573904339842,0.0,335
1544,2234,479,O,PRO,A,1.266688059469096,0.0,335
1545,1879,457,CD,ARG,A,1.898248134956096,0.0,335
1546,2435,493,NE2,GLN,A,1.5646888259344982,0.0,335
1547,1340,423,CE1,TYR,A,1.6954620058413934,0.0,335
1548,1328,422,O,ASN,A,1.9760244547591015,0.0,335
1549,1037,402,O,ILE,A,2.1478281600670197,0.0,335
1550,2169,474,O,GLN,A,1.5506351795607285,0.0,335
1551,1282,419,O,ALA,A,2.031645005853763,0.0,335
1552,1068,404,N,GLY,A,1.324294581608361,0.0,335
1553,2347,488,CB,CYS,A,2.393132243261712,0.0,335
1554,1339,423,CD1,TYR,A,2.04735895228863,0.0,335
1555,2117,471,OE2,GLU,A,1.4123331838385647,0.0,335
1556,2507,498,CB,GLN,A,2.136279304925099,0.0,335
1557,1020,401,O,VAL,A,1.724811940111058,0.0,335
1558,2557,501,O,ASN,A,1.5157015162952525,0.0,335
1559,1715,449,CD1,TYR,A,1.774416033268986,0.0,335
1560,2072,468,N,ILE,A,1.6755505470780778,0.0,335
1561,1146,409,CD,GLN,A,1.9447729164198422,0.0,335
1562,2318,486,CD2,PHE,A,1.7214537329427189,0.0,335
1563,1290,420,CB,ASP,A,1.9542850988137632,0.0,335
1564,2380,490,CD1,PHE,A,1.7518830182344314,0.0,335
1565,2026,465,OE1,GLU,A,1.371073084505675,0.0,335
1566,1881,457,CZ,ARG,A,1.8282334190608969,0.0,335
1567,2381,490,CE1,PHE,A,1.9403149877008712,0.0,335
1568,1305,421,CE1,TYR,A,1.7619868569697907,0.0,335
1569,1883,457,NH2,ARG,A,1.5104208904820766,0.0,335
1570,1923,459,CB,SER,A,1.7991665753830537,0.0,335
1571,2434,493,OE1,GLN,A,1.4117025138097121,0.0,335
1572,1757,451,O,TYR,A,2.505130214539681,0.0,335
1573,2181,475,C,ALA,A,2.619362214079799,1.0,335
1574,2304,485,N,GLY,A,1.6848405936487727,0.0,335
1575,2232,479,CG,PRO,A,1.8235986372169863,0.0,335
1576,2526,499,CG,PRO,A,1.753403215928704,0.0,335
1577,2279,483,O,VAL,A,1.9516356102586443,0.0,335
1578,2087,469,CA,SER,A,1.949752318903606,0.0,335
1579,2232,479,CG,PRO,A,1.8062919282557444,0.0,335
1580,2077,468,CD,ILE,A,2.3234996082662396,0.0,335
1581,2142,473,CB,TYR,A,1.752309568345397,0.0,335
1582,2145,473,CE1,TYR,A,1.9860842675900665,0.0,335
1583,203,348,CA,ALA,A,1.991741640535689,0.0,335
1584,2229,479,CD,PRO,A,1.7167705490949514,0.0,335
1585,2088,469,CB,SER,A,1.7506202569116138,0.0,335
1586,1301,421,CA,TYR,A,1.9655391646720521,0.0,335
1587,2571,503,N,VAL,A,0.9516266693836077,0.0,335
1588,2291,484,CB,GLU,A,1.9843322610400917,0.0,335
1589,2338,487,O,ASN,A,2.1508765623213777,1.0,335
1590,2091,469,O,SER,A,1.5751722527810412,0.0,335
1591,1716,449,CE1,TYR,A,1.678552107357338,0.0,335
1592,2313,486,CB,PHE,A,1.9643261676369297,0.0,335
1593,1905,458,NZ,LYS,A,1.8943328599087412,0.0,335
1594,1346,423,O,TYR,A,1.7654265834824143,0.0,335
1595,1629,442,O,ASP,A,1.4318710662715348,0.0,335
1596,1307,421,OH,TYR,A,2.139773224734208,0.0,335
1597,1339,423,CD1,TYR,A,2.1427955807055836,0.0,335
1598,2075,468,CG2,ILE,A,1.9482057605018455,0.0,335
1599,248,351,CE2,TYR,A,1.7919963022462315,0.0,335
1600,1772,452,NE,ARG,A,2.086175556389304,0.0,335
1601,2168,474,C,GLN,A,1.9747053054235812,0.0,335
1602,2551,501,CA,ASN,A,2.02195970135869,0.0,335
1603,2116,471,OE1,GLU,A,1.3228870416302443,0.0,335
1604,1093,406,OE2,GLU,A,1.448813929820178,0.0,335
1605,2346,488,CA,CYS,A,1.8392577445336877,1.0,335
1606,1739,450,O,ASN,A,1.6717273065077858,0.0,335
1607,1716,449,CE1,TYR,A,1.9550266236755451,0.0,335
1608,2605,505,O,TYR,A,1.866403159502915,0.0,335
1609,1702,448,ND2,ASN,A,1.7680644206538938,0.0,335
1610,2147,473,OH,TYR,A,1.8696514436622156,0.0,335
1611,2528,499,O,PRO,A,1.9510959522933662,0.0,335
1612,2131,472,CD,ILE,A,1.8632067292464978,0.0,335
1613,2167,474,NE2,GLN,A,1.8769514275672263,0.0,335
1614,1737,450,ND2,ASN,A,2.288182369073477,0.0,335
1615,1820,454,NH2,ARG,A,1.459055174482869,0.0,335
1616,1293,420,OD2,ASP,A,1.2676445200383788,0.0,335
1617,2435,493,NE2,GLN,A,2.09723672703922,0.0,335
1618,2149,473,CE2,TYR,A,1.9057915886279566,0.0,335
1619,2448,494,CB,SER,A,1.9026973653949648,0.0,335
1620,2526,499,CG,PRO,A,1.9383505124917257,0.0,335
1621,2554,501,OD1,ASN,A,1.6479422173960234,0.0,335
1622,2065,467,OD2,ASP,A,1.5192518938193782,0.0,335
1623,1046,403,CB,ARG,A,1.864590737339145,0.0,335
1624,2361,489,CZ,TYR,A,1.8596946988561176,0.0,335
1625,1089,406,CB,GLU,A,2.5563943408803986,0.0,335
1626,2363,489,CD2,TYR,A,1.962104510618942,0.0,335
1627,2065,467,OD2,ASP,A,1.9900095942313667,0.0,335
1628,243,351,CD1,TYR,A,2.3191200633869093,0.0,335
1629,2376,490,N,PHE,A,1.8901631258811529,0.0,335
1630,2089,469,OG,SER,A,1.3653761211090234,0.0,335
1631,1904,458,CE,LYS,A,1.8148879958576833,0.0,335
1632,2414,492,CD1,LEU,A,2.1203325438579608,0.0,335
1633,2429,493,N,GLN,A,1.8583424031742841,0.0,335
1634,1118,408,N,ARG,A,1.571587947584552,0.0,335
1635,1755,451,CE2,TYR,A,2.03258859930494,0.0,335
1636,2294,484,OE1,GLU,A,1.2605147685887443,0.0,335
1637,2148,473,CD2,TYR,A,1.8680084354683137,0.0,335
1638,1924,459,OG,SER,A,2.0398634017667865,0.0,335
1639,2077,468,CD,ILE,A,1.6404440127350204,0.0,335
1640,2317,486,CZ,PHE,A,1.8723965905167925,0.0,335
1641,1861,456,CZ,PHE,A,2.1389501967602267,0.0,335
1642,2148,473,CD2,TYR,A,1.8109185133454535,0.0,335
1643,1746,451,N,TYR,A,1.696768100368511,0.0,335
1644,1246,417,CD,LYS,A,1.9184137708570557,0.0,335
1645,2117,471,OE2,GLU,A,1.2376732360234068,0.0,335
1646,2086,469,N,SER,A,2.027941580307579,0.0,335
1647,2313,486,CB,PHE,A,1.864406714724853,0.0,335
1648,2075,468,CG2,ILE,A,1.8143515775093018,0.0,335
1649,2111,471,N,GLU,A,2.059405069763989,0.0,335
1650,1691,447,CA,GLY,A,1.3345789640717958,0.0,335
1651,2247,480,O,CYS,A,1.8978662127545445,0.0,335
1652,270,353,N,TRP,A,1.112660745713081,0.0,335
1653,1051,403,NH1,ARG,A,2.1767704086285975,0.0,335
1654,1857,456,CB,PHE,A,2.1159580555776465,0.0,335
1655,2508,498,CG,GLN,A,1.8578738766952005,1.0,335
1656,1328,422,O,ASN,A,2.059681839816386,0.0,335
1657,2528,499,O,PRO,A,1.6722446267728313,0.0,335
1658,1800,453,CE2,TYR,A,2.1121697237070736,0.0,335
1659,2571,503,N,VAL,A,0.970798222612604,0.0,335
1660,260,352,N,ALA,A,1.7683668186161488,0.0,335
1661,2100,470,OG1,THR,A,1.7888259273842264,0.0,335
1662,246,351,OH,TYR,A,2.3420561990083697,0.0,335
1663,2492,497,CD2,PHE,A,2.3543923096066273,0.0,335
1664,1236,416,CA,GLY,A,1.855479072969341,0.0,335
1665,2089,469,OG,SER,A,1.394869604020699,0.0,335
1666,2376,490,N,PHE,A,1.816294705568217,0.0,335
1667,1924,459,OG,SER,A,2.143915961407583,0.0,335
1668,1242,417,N,LYS,A,2.156481820990164,0.0,335
1669,1798,453,OH,TYR,A,1.332154904576973,0.0,335
1670,2432,493,CG,GLN,A,1.656264410111149,0.0,335
1671,1932,460,N,ASN,A,1.5504216179850767,0.0,335
1672,2510,498,OE1,GLN,A,1.46362611552348,0.0,335
1673,1907,458,O,LYS,A,1.530611166829177,0.0,335
1674,2046,466,O,ARG,A,0.9877816139955357,0.0,335
1675,2279,483,O,VAL,A,1.9473416937102386,0.0,335
1676,2429,493,N,GLN,A,2.0488950476581693,0.0,335
1677,2449,494,OG,SER,A,1.4369627869887844,0.0,335
1678,2602,505,CD2,TYR,A,2.041706046475444,0.0,335
1679,2130,472,CG1,ILE,A,1.8247396034392749,0.0,335
1680,1820,454,NH2,ARG,A,2.1219790520638124,0.0,335
1681,1248,417,NZ,LYS,A,1.7777819071900496,0.0,335
1682,217,349,O,SER,A,1.230774788481356,0.0,335
1683,2335,487,OD1,ASN,A,1.6357252978336996,1.0,335
1684,2065,467,OD2,ASP,A,1.6091730429253401,0.0,335
1685,2046,466,O,ARG,A,1.1561076739050191,0.0,335
1686,2167,474,NE2,GLN,A,1.5821527209215684,0.0,335
1687,1339,423,CD1,TYR,A,2.3202480355499704,0.0,335
1688,2247,480,O,CYS,A,1.9105647487732837,0.0,335
1689,2357,489,CB,TYR,A,1.7688334665701626,0.0,335
1690,1843,455,O,LEU,A,1.4985711494594385,0.0,335
1691,1339,423,CD1,TYR,A,1.7963267406779846,0.0,335
1692,214,349,CB,SER,A,2.319393791760684,0.0,335
1693,1346,423,O,TYR,A,1.3929594359790838,0.0,335
1694,2195,477,N,SER,A,1.1748478811624423,0.0,335
1695,1907,458,O,LYS,A,1.7579176499155653,0.0,335
1696,1148,409,NE2,GLN,A,1.5648283198181345,0.0,335
1697,1341,423,CZ,TYR,A,1.8405535146296574,0.0,335
1698,2259,481,O,ASN,A,1.5013712210585957,0.0,335
1699,1280,419,CB,ALA,A,1.8119087531353857,0.0,335
1700,2564,502,N,GLY,A,1.6518720900609467,0.0,335
1701,2114,471,CG,GLU,A,2.183301188175291,0.0,335
1702,2554,501,OD1,ASN,A,1.354600073072281,0.0,335
1703,2131,472,CD,ILE,A,2.508911374711075,0.0,335
1704,2381,490,CE1,PHE,A,1.6203420627580516,0.0,335
1705,2338,487,O,ASN,A,2.0906526081740426,0.0,335
1706,1841,455,CD2,LEU,A,1.859462428568199,0.0,335
1707,1307,421,OH,TYR,A,1.9184529384430826,0.0,335
1708,1739,450,O,ASN,A,1.9349365985187446,0.0,335
1709,1054,403,O,ARG,A,1.5158299509506403,0.0,335
1710,2079,468,O,ILE,A,2.4594176171981874,0.0,335
1711,2144,473,CD1,TYR,A,1.914903348226994,0.0,335
1712,1903,458,CD,LYS,A,2.005198931823557,0.0,335
1713,2319,486,CE2,PHE,A,1.7644635762432226,0.0,335
1714,1903,458,CD,LYS,A,1.8884159635189839,0.0,335
1715,2290,484,CA,GLU,A,1.9810914261013441,0.0,335
1716,246,351,OH,TYR,A,2.089541076473167,0.0,335
1717,2296,484,C,GLU,A,2.102209156052241,0.0,335
1718,1820,454,NH2,ARG,A,2.1586781796943395,0.0,335
1719,2598,505,CD1,TYR,A,1.6990635337693245,0.0,335
1720,2450,494,C,SER,A,1.9219676826009247,0.0,335
1721,2349,488,C,CYS,A,1.7617817106402038,1.0,335
1722,250,351,O,TYR,A,1.2998888731043619,0.0,335
1723,2525,499,CB,PRO,A,1.805009814567251,0.0,335
1724,2449,494,OG,SER,A,1.878889772685567,0.0,335
1725,2167,474,NE2,GLN,A,1.7176500515911177,0.0,335
1726,2596,505,CB,TYR,A,1.8037952776822999,0.0,335
1727,2599,505,CE1,TYR,A,1.8936643797201274,0.0,335
1728,1342,423,OH,TYR,A,1.3464635920141008,0.0,335
1729,1016,401,CB,VAL,A,2.0032103148183538,0.0,335
1730,2495,497,O,PHE,A,1.8962179348432942,0.0,335
1731,1014,401,N,VAL,A,1.7624121851504153,0.0,335
1732,2451,494,O,SER,A,2.0669372589075428,0.0,335
1733,1798,453,OH,TYR,A,1.6515674577163786,0.0,335
1734,1090,406,CG,GLU,A,2.063936668763913,0.0,335
1735,217,349,O,SER,A,2.067055345692905,0.0,335
1736,1034,402,CG1,ILE,A,1.9024363204352723,0.0,335
1737,1838,455,CB,LEU,A,2.4242826749415043,0.0,335
1738,1054,403,O,ARG,A,1.8794620269358162,0.0,335
1739,2273,483,N,VAL,A,2.069505570588474,0.0,335
1740,1081,405,C,ASP,A,0.8401943786409943,0.0,335
1741,2446,494,N,SER,A,1.9650084261774978,0.0,335
1742,1144,409,CB,GLN,A,1.8164722796671193,0.0,335
1743,2111,471,N,GLU,A,2.0378609410008854,0.0,335
1744,2257,481,ND2,ASN,A,1.448147444540266,0.0,335
1745,1095,406,O,GLU,A,1.4979354215892162,0.0,335
1746,1246,417,CD,LYS,A,2.0348487806488835,0.0,335
1747,2191,476,O,GLY,A,1.3564101547337477,0.0,335
1748,1820,454,NH2,ARG,A,2.1126847456856326,0.0,335
1749,2348,488,SG,CYS,A,2.101905427344849,0.0,335
1750,1714,449,CG,TYR,A,1.8300676023411018,0.0,335
1751,1877,457,CB,ARG,A,2.4563850263258735,0.0,335
1752,2189,476,CA,GLY,A,1.9734965740336168,0.0,335
1753,1820,454,NH2,ARG,A,1.8838949737675301,0.0,335
1754,1878,457,CG,ARG,A,1.8809010523158176,0.0,335
1755,226,350,CG1,VAL,A,2.3698129840672904,0.0,335
1756,1144,409,CB,GLN,A,2.439374156202724,0.0,335
1757,2536,500,N,THR,A,2.15583272449478,0.0,335
1758,2350,488,O,CYS,A,1.6743128243522438,0.0,335
1759,1924,459,OG,SER,A,1.733400747367249,0.0,335
1760,1054,403,O,ARG,A,1.4587350666242915,0.0,335
1761,1722,449,O,TYR,A,1.436572400579272,0.0,335
1762,2304,485,N,GLY,A,1.9285965405976415,0.0,335
1763,1145,409,CG,GLN,A,1.974120573665562,0.0,335
1764,2247,480,O,CYS,A,2.042584227937137,0.0,335
1765,1757,451,O,TYR,A,2.2112294444815057,0.0,335
1766,2451,494,O,SER,A,2.143103747236487,0.0,335
1767,1757,451,O,TYR,A,1.8053554050562488,0.0,335
1768,1816,454,CD,ARG,A,1.9244083398106626,0.0,335
1769,2601,505,OH,TYR,A,1.2788446485293172,0.0,335
1770,1288,420,N,ASP,A,2.181974568154865,0.0,335
1771,2598,505,CD1,TYR,A,2.0046704046271255,0.0,335
1772,1877,457,CB,ARG,A,2.4317892538385544,0.0,335
1773,1311,421,O,TYR,A,1.6205504675315232,0.0,335
1774,1237,416,C,GLY,A,1.9238207302087755,0.0,335
1775,2552,501,CB,ASN,A,1.8014749800374623,0.0,335
1776,1245,417,CG,LYS,A,1.9910803292655672,0.0,335
1777,1338,423,CG,TYR,A,2.0538935172768586,0.0,335
1778,2234,479,O,PRO,A,1.5677692396023761,0.0,335
1779,2243,480,CA,CYS,A,2.006463944693551,0.0,335
1780,2277,483,CG2,VAL,A,1.9084525515670754,0.0,335
1781,2291,484,CB,GLU,A,1.8753944421094095,0.0,335
1782,2601,505,OH,TYR,A,1.7139708483675193,0.0,335
1783,2064,467,OD1,ASP,A,1.8486524851895816,0.0,335
1784,1882,457,NH1,ARG,A,1.9731023122039075,0.0,335
1785,1720,449,CE2,TYR,A,2.1819221587436766,0.0,335
1786,206,348,O,ALA,A,1.3187287951954945,0.0,335
1787,2596,505,CB,TYR,A,2.0276932665469043,0.0,335
1788,1236,416,CA,GLY,A,1.930819616758698,0.0,335
1789,262,352,CB,ALA,A,1.8757907139233403,0.0,335
1790,2495,497,O,PHE,A,1.788888070143293,0.0,335
1791,1222,415,CA,THR,A,1.3014839080720315,0.0,335
1792,1883,457,NH2,ARG,A,1.4500591570905994,0.0,335
1793,250,351,O,TYR,A,2.2151973027820127,0.0,335
1794,1346,423,O,TYR,A,1.4036154652185686,0.0,335
1795,2557,501,O,ASN,A,1.2029477826853587,0.0,335
1796,2097,470,N,THR,A,1.9528045226649022,0.0,335
1797,2182,475,O,ALA,A,1.272174698383398,0.0,335
1798,2075,468,CG2,ILE,A,1.6613651745570437,0.0,335
1799,2416,492,C,LEU,A,2.0348800240177622,0.0,335
1800,2179,475,CA,ALA,A,1.7940216373937923,0.0,335
1801,1736,450,OD1,ASN,A,1.2266916540996413,0.0,335
1802,1035,402,CD,ILE,A,2.316567159881374,0.0,335
1803,2511,498,NE2,GLN,A,1.5372173025439235,0.0,335
1804,1344,423,CE2,TYR,A,1.77121431738439,0.0,335
1805,2357,489,CB,TYR,A,2.23820925722208,0.0,335
1806,227,350,CG2,VAL,A,1.8056967103053598,0.0,335
1807,1905,458,NZ,LYS,A,1.6069247734366714,0.0,335
1808,1293,420,OD2,ASP,A,1.6386342602585897,0.0,335
1809,1860,456,CE1,PHE,A,2.2353599860828663,0.0,335
1810,2169,474,O,GLN,A,1.7181708925647066,0.0,335
1811,1819,454,NH1,ARG,A,2.0692660526527384,0.0,335
1812,1747,451,CA,TYR,A,2.5302963179371423,0.0,335
1813,2292,484,CG,GLU,A,1.7558842867585496,0.0,335
1814,2257,481,ND2,ASN,A,1.4884813208198275,0.0,335
1815,2509,498,CD,GLN,A,1.7791257340441733,0.0,335
1816,1879,457,CD,ARG,A,2.0683046741522486,0.0,335
1817,1088,406,CA,GLU,A,2.207363799115651,0.0,335
1818,2358,489,CG,TYR,A,1.8407453672076801,0.0,335
1819,2277,483,CG2,VAL,A,1.7780470790485552,0.0,335
1820,2113,471,CB,GLU,A,2.0299133364733777,0.0,335
1821,2317,486,CZ,PHE,A,1.6355751541003365,0.0,335
1822,1148,409,NE2,GLN,A,2.294589991226333,0.0,335
1823,1356,424,N,LYS,A,0.9372358518306242,0.0,335
1824,1939,460,O,ASN,A,1.2496029686503447,0.0,335
1825,1924,459,OG,SER,A,1.9555575759661303,0.0,335
1826,2590,504,O,GLY,A,1.2415586746984524,0.0,335
1827,246,351,OH,TYR,A,1.9821578711485828,0.0,335
1828,1266,418,CB,ILE,A,2.131236080866145,0.0,335
1829,2075,468,CG2,ILE,A,1.8714772968642597,0.0,335
1830,1769,452,CB,ARG,A,2.104822561983272,0.0,335
1831,1031,402,CA,ILE,A,0.18616298299178,0.0,335
1832,2467,495,C,TYR,A,2.037054513231382,0.0,335
1833,2355,489,N,TYR,A,1.8817910115056165,0.0,335
1834,2321,486,O,PHE,A,1.7560182242652187,0.0,335
1835,2362,489,OH,TYR,A,1.8100879121069797,0.0,335
1836,2097,470,N,THR,A,2.0005213226749348,0.0,335
1837,2113,471,CB,GLU,A,1.9421311584822292,0.0,335
1838,2381,490,CE1,PHE,A,1.8714192378202479,0.0,335
1839,1924,459,OG,SER,A,1.677556486904903,0.0,335
1840,1734,450,CB,ASN,A,2.1387366288756167,0.0,335
1841,2112,471,CA,GLU,A,2.0799826017268894,0.0,335
1842,1841,455,CD2,LEU,A,2.420504038365389,0.0,335
1843,2161,474,N,GLN,A,1.9557329126771354,0.0,335
1844,1841,455,CD2,LEU,A,2.031394422550772,0.0,335
1845,250,351,O,TYR,A,2.04674697447735,0.0,335
1846,2623,506,O,GLN,A,1.4146737935912004,0.0,335
1847,1150,409,O,GLN,A,1.3218255353949246,0.0,335
1848,2510,498,OE1,GLN,A,1.984285333809945,0.0,335
1849,2062,467,CB,ASP,A,1.7073048896057839,0.0,335
1850,1091,406,CD,GLU,A,1.6434872928590103,0.0,335
1851,2147,473,OH,TYR,A,2.1739427222585808,0.0,335
1852,2065,467,OD2,ASP,A,1.9837885750373545,0.0,335
1853,2247,480,O,CYS,A,1.2322454761091124,0.0,335
1854,2267,482,CA,GLY,A,1.8945079296495273,0.0,335
1855,1905,458,NZ,LYS,A,1.8686210074187104,0.0,335
1856,1147,409,OE1,GLN,A,2.109369033938791,0.0,335
1857,1227,415,O,THR,A,1.5459621068967149,0.0,335
1858,2412,492,CB,LEU,A,1.8346414876892614,0.0,335
1859,1903,458,CD,LYS,A,2.1033545589690634,0.0,335
1860,1016,401,CB,VAL,A,1.9000440466135207,0.0,335
1861,2414,492,CD1,LEU,A,1.8824904068191486,0.0,335
1862,2597,505,CG,TYR,A,1.938334544381557,0.0,335
1863,262,352,CB,ALA,A,1.8030753222521374,0.0,335
1864,1051,403,NH1,ARG,A,1.7984639043537218,0.0,335
1865,1771,452,CD,ARG,A,1.7945013211553753,0.0,335
1866,2449,494,OG,SER,A,1.7202523791237812,0.0,335
1867,1718,449,OH,TYR,A,1.3414239951668485,0.0,335
1868,1248,417,NZ,LYS,A,1.6514363416389697,0.0,335
1869,2273,483,N,VAL,A,1.6439062770550128,0.0,335
1870,1095,406,O,GLU,A,1.8247911246374287,0.0,335
1871,1150,409,O,GLN,A,1.568043911236949,0.0,335
1872,244,351,CE1,TYR,A,1.9683621343811348,0.0,335
1873,2062,467,CB,ASP,A,1.8494130496540337,0.0,335
1874,2384,490,CE2,PHE,A,1.9855772003153387,0.0,335
1875,1737,450,ND2,ASN,A,1.703502272676773,0.0,335
1876,244,351,CE1,TYR,A,2.4432957827411492,0.0,335
1877,2295,484,OE2,GLU,A,2.260130483822647,0.0,335
1878,1714,449,CG,TYR,A,1.8999760103855416,0.0,335
1879,2149,473,CE2,TYR,A,2.267989763540458,0.0,335
1880,1118,408,N,ARG,A,1.5676786059629642,0.0,335
1881,2275,483,CB,VAL,A,1.9316048602316658,0.0,335
1882,2435,493,NE2,GLN,A,1.7423428719359049,0.0,335
1883,2295,484,OE2,GLU,A,1.7018988968089626,0.0,335
1884,1034,402,CG1,ILE,A,1.8497025194491854,0.0,335
1885,2522,499,N,PRO,A,1.8655349828497558,0.0,335
1886,2189,476,CA,GLY,A,2.0427284352608046,0.0,335
1887,261,352,CA,ALA,A,1.8562079771367406,0.0,335
1888,1878,457,CG,ARG,A,1.8565425542829972,0.0,335
1889,2191,476,O,GLY,A,1.9911158742506008,0.0,335
1890,2067,467,O,ASP,A,2.446375013764872,0.0,335
1891,2167,474,NE2,GLN,A,2.117507869296838,0.0,335
1892,1052,403,NH2,ARG,A,1.7102476480650906,0.0,335
1893,2292,484,CG,GLU,A,1.8787802490781147,0.0,335
1894,1904,458,CE,LYS,A,1.9037857989311255,0.0,335
1895,2103,470,O,THR,A,1.9501491993015274,0.0,335
1896,2088,469,CB,SER,A,1.9453884563705093,0.0,335
1897,227,350,CG2,VAL,A,1.8697200006175863,0.0,335
1898,2141,473,CA,TYR,A,2.0284687850852956,0.0,335
1899,1309,421,CE2,TYR,A,2.4037106860192523,0.0,335
1900,2254,481,CB,ASN,A,1.8485510450633251,0.0,335
1901,1267,418,CG2,ILE,A,1.8061110875981004,0.0,335
1902,2363,489,CD2,TYR,A,1.8446396055362904,1.0,335
1903,2273,483,N,VAL,A,1.7660290940694738,0.0,335
1904,1075,405,N,ASP,A,1.2856231948231382,0.0,335
1905,2113,471,CB,GLU,A,1.6635143166853017,0.0,335
1906,1046,403,CB,ARG,A,2.0104742358733403,0.0,335
1907,2384,490,CE2,PHE,A,1.7023472035473375,0.0,335
1908,2164,474,CG,GLN,A,2.05339593498171,0.0,335
1909,1865,456,O,PHE,A,2.502474413305912,0.0,335
1910,2255,481,CG,ASN,A,1.9197878015569372,0.0,335
1911,1279,419,CA,ALA,A,1.8458531226541666,0.0,335
1912,2493,497,CE2,PHE,A,2.191028851073713,0.0,335
1913,1301,421,CA,TYR,A,1.9724443387303718,0.0,335
1914,1020,401,O,VAL,A,1.7724699016373369,0.0,335
1915,2252,481,N,ASN,A,1.849617629994229,0.0,335
1916,1720,449,CE2,TYR,A,2.587362439969146,0.0,335
1917,2362,489,OH,TYR,A,2.3334886034623286,0.0,335
1918,2213,478,C,LYS,A,1.5657649001047402,0.0,335
1919,2144,473,CD1,TYR,A,1.7912391883394474,0.0,335
1920,1087,406,N,GLU,A,1.937941948744837,0.0,335
1921,1882,457,NH1,ARG,A,1.926598611099941,0.0,335
1922,2495,497,O,PHE,A,2.173661417218575,0.0,335
1923,2508,498,CG,GLN,A,1.895438785151441,0.0,335
1924,1752,451,CZ,TYR,A,2.1546459237512274,0.0,335
1925,2524,499,CA,PRO,A,1.865462322406465,0.0,335
1926,2432,493,CG,GLN,A,2.3896545783070984,0.0,335
1927,2492,497,CD2,PHE,A,1.7035938666394366,0.0,335
1928,1922,459,CA,SER,A,1.8526228587110938,0.0,335
1929,2360,489,CE1,TYR,A,1.8985315238816072,0.0,335
1930,2542,500,O,THR,A,1.6650879972130854,0.0,335
1931,1700,448,CG,ASN,A,1.8726939711075876,0.0,335
1932,1774,452,NH1,ARG,A,2.218052904330181,0.0,335
1933,2489,497,CD1,PHE,A,2.207370481158268,0.0,335
1934,2602,505,CD2,TYR,A,1.851281350790608,0.0,335
1935,2101,470,CG2,THR,A,2.388851468898525,0.0,335
1936,2412,492,CB,LEU,A,2.4367181138385794,0.0,335
1937,2163,474,CB,GLN,A,2.0166080219638323,0.0,335
1938,1702,448,ND2,ASN,A,1.7973145049041799,0.0,335
1939,2151,473,O,TYR,A,1.6408031819899485,0.0,335
1940,2364,489,CE2,TYR,A,1.8110181790885664,1.0,335
1941,2076,468,CG1,ILE,A,1.9555029271110154,0.0,335
1942,2214,478,O,LYS,A,1.4372799842177941,0.0,335
1943,1052,403,NH2,ARG,A,2.3389423089062933,0.0,335
1944,1701,448,OD1,ASN,A,2.0405627709263774,0.0,335
1945,2151,473,O,TYR,A,1.922471460091113,0.0,335
1946,1336,423,CA,TYR,A,1.8850333299679811,0.0,335
1947,2258,481,C,ASN,A,1.834156307155245,0.0,335
1948,246,351,OH,TYR,A,1.7205411178644634,0.0,335
1949,1699,448,CB,ASN,A,1.8559975182817463,0.0,335
1950,2148,473,CD2,TYR,A,2.0934861330491006,0.0,335
1951,2355,489,N,TYR,A,1.6947341425924447,0.0,335
1952,2332,487,CA,ASN,A,2.030659171620218,1.0,335
1953,2319,486,CE2,PHE,A,1.7222237506508977,0.0,335
1954,1923,459,CB,SER,A,1.9108800838686308,0.0,335
1955,1246,417,CD,LYS,A,1.8315945063460515,0.0,335
1956,1860,456,CE1,PHE,A,1.8423007517204126,0.0,335
1957,2417,492,O,LEU,A,1.9041137382748887,0.0,335
1958,2088,469,CB,SER,A,1.810420331301242,0.0,335
1959,1722,449,O,TYR,A,1.9059843057802612,0.0,335
1960,1031,402,CA,ILE,A,1.7252378530390493,0.0,335
1961,1771,452,CD,ARG,A,1.808295718246227,0.0,335
1962,1863,456,CE2,PHE,A,2.3696349502088507,0.0,335
1963,2430,493,CA,GLN,A,1.9341965798611491,0.0,335
1964,2232,479,CG,PRO,A,1.8487976559095292,0.0,335
1965,1921,459,N,SER,A,1.6303380291212826,0.0,335
1966,224,350,CA,VAL,A,1.8797835190386272,0.0,335
1967,2213,478,C,LYS,A,1.1674313871628648,0.0,335
1968,1900,458,CA,LYS,A,1.8700023867428957,0.0,335
1969,1698,448,CA,ASN,A,2.304049876813546,0.0,335
1970,2602,505,CD2,TYR,A,1.9962624203232926,0.0,335
1971,2333,487,CB,ASN,A,1.8700213186459789,1.0,335
1972,2489,497,CD1,PHE,A,1.7487039033257012,0.0,335
1973,2292,484,CG,GLU,A,1.6895954724064872,0.0,335
1974,2147,473,OH,TYR,A,2.0934121696902372,0.0,335
1975,2133,472,O,ILE,A,1.8166175951034456,0.0,335
1976,2168,474,C,GLN,A,1.7996418243636931,0.0,335
1977,2493,497,CE2,PHE,A,1.803525970767687,0.0,335
1978,1159,410,N,ILE,A,1.5297322200843626,0.0,335
